source_provider,provider_player_id,game_version,name,common_name,date_of_birth,height_cm,weight_kg,preferred_foot,weak_foot,skill_moves,primary_position,alternative_positions,nation,club,league,player_image_url,source_url
WEFUT,227203,FC27,Alexia Putellas,Alexia Putellas,,,,,,,CM,,,,,https://static.wefut.com/assets/images/fut27/playeravatars/227203.png?27,https://wefut.com/player/latest/27/0
WEFUT,239085,FC27,Haaland,Haaland,,,,,,,ST,,,,,https://static.wefut.com/assets/images/fut27/playeravatars/239085.png?27,https://wefut.com/player/latest/27/0
WEFUT,231747,FC27,Mbappé,Mbappé,,,,,,,ST,,,,,https://static.wefut.com/assets/images/fut27/playeravatars/231747.png?27,https://wefut.com/player/latest/27/0
WEFUT,246219,FC27,Shaw,Shaw,,,,,,,ST,,,,,https://static.wefut.com/assets/images/fut27/playeravatars/246219.png?27,https://wefut.com/player/latest/27/0
WEFUT,241667,FC27,Aitana Bonmatí,Aitana Bonmatí,,,,,,,CM,,,,,https://static.wefut.com/assets/images/fut27/playeravatars/241667.png?27,https://wefut.com/player/latest/27/0
WEFUT,231866,FC27,Rodri,Rodri,,,,,,,CDM,,,,,https://static.wefut.com/assets/images/fut27/playeravatars/231866.png?27,https://wefut.com/player/latest/27/0
WEFUT,231443,FC27,Dembélé,Dembélé,,,,,,,ST,,,,,https://static.wefut.com/assets/images/fut27/playeravatars/231443.png?27,https://wefut.com/player/latest/27/0
WEFUT,255253,FC27,Vitinha,Vitinha,,,,,,,CM,,,,,https://static.wefut.com/assets/images/fut27/playeravatars/255253.png?27,https://wefut.com/player/latest/27/0
WEFUT,202126,FC27,Kane,Kane,,,,,,,ST,,,,,https://static.wefut.com/assets/images/fut27/playeravatars/202126.png?27,https://wefut.com/player/latest/27/0
WEFUT,247827,FC27,Olise,Olise,,,,,,,RM,,,,,https://static.wefut.com/assets/images/fut27/playeravatars/247827.png?27,https://wefut.com/player/latest/27/0
WEFUT,192119,FC27,Courtois,Courtois,,,,,,,GK,,,,,https://static.wefut.com/assets/images/fut27/playeravatars/192119.png?27,https://wefut.com/player/latest/27/0
WEFUT,251854,FC27,Pedri,Pedri,,,,,,,CM,,,,,https://static.wefut.com/assets/images/fut27/playeravatars/251854.png?27,https://wefut.com/player/latest/27/0
WEFUT,252371,FC27,Bellingham,Bellingham,,,,,,,CAM,,,,,https://static.wefut.com/assets/images/fut27/playeravatars/252371.png?27,https://wefut.com/player/latest/27/0
WEFUT,277643,FC27,Lamine Yamal,Lamine Yamal,,,,,,,RW,,,,,https://static.wefut.com/assets/images/fut27/playeravatars/277643.png?27,https://wefut.com/player/latest/27/0
WEFUT,237288,FC27,Mariona,Mariona,,,,,,,CM,,,,,https://static.wefut.com/assets/images/fut27/playeravatars/237288.png?27,https://wefut.com/player/latest/27/0
WEFUT,279799,FC27,Chawinga,Chawinga,,,,,,,LM,,,,,https://static.wefut.com/assets/images/fut27/playeravatars/279799.png?27,https://wefut.com/player/latest/27/0
WEFUT,227102,FC27,Graham Hansen,Graham Hansen,,,,,,,RW,,,,,https://static.wefut.com/assets/images/fut27/playeravatars/227102.png?27,https://wefut.com/player/latest/27/0
WEFUT,241846,FC27,Pajor,Pajor,,,,,,,ST,,,,,https://static.wefut.com/assets/images/fut27/playeravatars/241846.png?27,https://wefut.com/player/latest/27/0
WEFUT,262531,FC27,Claudia Pina,Claudia Pina,,,,,,,LW,,,,,https://static.wefut.com/assets/images/fut27/playeravatars/262531.png?27,https://wefut.com/player/latest/27/0
WEFUT,212198,FC27,Bruno Fernandes,Bruno Fernandes,,,,,,,CAM,,,,,https://static.wefut.com/assets/images/fut27/playeravatars/212198.png?27,https://wefut.com/player/latest/27/0
WEFUT,230621,FC27,Donnarumma,Donnarumma,,,,,,,GK,,,,,https://static.wefut.com/assets/images/fut27/playeravatars/230621.png?27,https://wefut.com/player/latest/27/0
WEFUT,232580,FC27,Gabriel,Gabriel,,,,,,,CB,,,,,https://static.wefut.com/assets/images/fut27/playeravatars/232580.png?27,https://wefut.com/player/latest/27/0
WEFUT,247635,FC27,Kvaratskhelia,Kvaratskhelia,,,,,,,LW,,,,,https://static.wefut.com/assets/images/fut27/playeravatars/247635.png?27,https://wefut.com/player/latest/27/0
WEFUT,252145,FC27,Nuno Mendes,Nuno Mendes,,,,,,,LB,,,,,https://static.wefut.com/assets/images/fut27/playeravatars/252145.png?27,https://wefut.com/player/latest/27/0
WEFUT,256196,FC27,Pacho,Pacho,,,,,,,CB,,,,,https://static.wefut.com/assets/images/fut27/playeravatars/256196.png?27,https://wefut.com/player/latest/27/0
WEFUT,158023,FC27,Messi,Messi,,,,,,,CAM,,,,,https://static.wefut.com/assets/images/fut27/playeravatars/158023.png?27,https://wefut.com/player/latest/27/0
WEFUT,238794,FC27,Vini Jr.,Vini Jr.,,,,,,,LW,,,,,https://static.wefut.com/assets/images/fut27/playeravatars/238794.png?27,https://wefut.com/player/latest/27/0
WEFUT,248822,FC27,Bühl,Bühl,,,,,,,LM,,,,,https://static.wefut.com/assets/images/fut27/playeravatars/248822.png?27,https://wefut.com/player/latest/27/0
WEFUT,236479,FC27,Mapi León,Mapi León,,,,,,,CB,,,,,https://static.wefut.com/assets/images/fut27/playeravatars/236479.png?27,https://wefut.com/player/latest/27/0
WEFUT,245830,FC27,Hasegawa,Hasegawa,,,,,,,CDM,,,,,https://static.wefut.com/assets/images/fut27/playeravatars/245830.png?27,https://wefut.com/player/latest/27/0
WEFUT,258980,FC27,Russo,Russo,,,,,,,ST,,,,,https://static.wefut.com/assets/images/fut27/playeravatars/258980.png?27,https://wefut.com/player/latest/27/0
WEFUT,265898,FC27,Dumornay,Dumornay,,,,,,,ST,,,,,https://static.wefut.com/assets/images/fut27/playeravatars/265898.png?27,https://wefut.com/player/latest/27/0
WEFUT,264012,FC27,Wilson,Wilson,,,,,,,ST,,,,,https://static.wefut.com/assets/images/fut27/playeravatars/264012.png?27,https://wefut.com/player/latest/27/0
WEFUT,276359,FC27,Banda,Banda,,,,,,,ST,,,,,https://static.wefut.com/assets/images/fut27/playeravatars/276359.png?27,https://wefut.com/player/latest/27/0
WEFUT,237289,FC27,Patri Guijarro,Patri Guijarro,,,,,,,CDM,,,,,https://static.wefut.com/assets/images/fut27/playeravatars/237289.png?27,https://wefut.com/player/latest/27/0
WEFUT,203376,FC27,van Dijk,van Dijk,,,,,,,CB,,,,,https://static.wefut.com/assets/images/fut27/playeravatars/203376.png?27,https://wefut.com/player/latest/27/0
WEFUT,220901,FC27,David Raya,David Raya,,,,,,,GK,,,,,https://static.wefut.com/assets/images/fut27/playeravatars/220901.png?27,https://wefut.com/player/latest/27/0
WEFUT,234378,FC27,Rice,Rice,,,,,,,CDM,,,,,https://static.wefut.com/assets/images/fut27/playeravatars/234378.png?27,https://wefut.com/player/latest/27/0
WEFUT,243715,FC27,Saliba,Saliba,,,,,,,CB,,,,,https://static.wefut.com/assets/images/fut27/playeravatars/243715.png?27,https://wefut.com/player/latest/27/0
WEFUT,235212,FC27,Hakimi,Hakimi,,,,,,,RB,,,,,https://static.wefut.com/assets/images/fut27/playeravatars/235212.png?27,https://wefut.com/player/latest/27/0
WEFUT,230142,FC27,Mikel Oyarzabal Ugarte,Oyarzabal,1997-04-21,,,Left,,,ST,[],"{""provider_nation_id"":""45"",""name"":""Spain""}","{""provider_club_id"":null,""name"":""Real Sociedad""}","{""provider_league_id"":""53"",""name"":""LALIGA EA SPORTS""}",,https://wefut.com/player/27/216/oyarzabal
WEFUT,258680,FC27,Daphne van Domselaar,van Domselaar,2000-03-06,,,Right,,,GK,[],"{""provider_nation_id"":null,""name"":""Netherlands""}","{""provider_club_id"":""1"",""name"":""Arsenal""}","{""provider_league_id"":""2216"",""name"":""Barclays Women’s Super League""}",,https://wefut.com/player/27/234/daphne-van-domselaar
WEFUT,262093,FC27,Sjoeke Nüsken,Nüsken,2001-01-22,,,Right,,,CDM,"[""CM""]","{""provider_nation_id"":null,""name"":""Germany""}","{""provider_club_id"":null,""name"":""Chelsea""}","{""provider_league_id"":""2216"",""name"":""Barclays Women’s Super League""}",,https://wefut.com/player/27/235/sjoeke-nusken
WEFUT,240717,FC27,Lineth Beerensteyn,Beerensteyn,1996-10-11,,,Right,,,ST,"[""RW"",""LW"",""RM""]","{""provider_nation_id"":null,""name"":""Netherlands""}","{""provider_club_id"":""243"",""name"":""Real Madrid""}","{""provider_league_id"":""2222"",""name"":""Liga F Moeve""}",,https://wefut.com/player/27/254/lineth-beerensteyn
WEFUT,261855,FC27,Francisca Ramos Nazareth Sousa,Kika Nazareth,2002-11-17,,,Right,,,CM,"[""ST"",""CAM""]","{""provider_nation_id"":""38"",""name"":""Portugal""}","{""provider_club_id"":""116325"",""name"":""FC Barcelona""}","{""provider_league_id"":""2222"",""name"":""Liga F Moeve""}",,https://wefut.com/player/27/255/kika-nazareth
