source_provider,provider_item_id,provider_player_id,game_version,player_name,rating,primary_position,alternative_positions,card_type,rarity,pace,shooting,passing,dribbling,defending,physical,gk_diving,gk_handling,gk_kicking,gk_reflexes,gk_speed,gk_positioning,detailed_stats,playstyles,playstyles_plus,roles,skill_moves,weak_foot,preferred_foot,club,league,nation,player_image_url,card_image_url,source_url,collected_at,raw_provider_data
WEFUT,1,227203,FC27,Alexia Putellas,91,CM,,Gold,Rare,80,90,91,92,72,75,,,,,,,,,,,,,,,,,https://static.wefut.com/assets/images/fut27/playeravatars/227203.png?27,,https://wefut.com/player/latest/27/0,2026-09-08T16:28:17-03:00,"{""listing_offset"":0,""listing_index"":0,""raw_face_stats"":[80,90,91,92,72,75],""raw_face_stat_semantics"":""PAC/SHO/PAS/DRI/DEF/PHY""}"
WEFUT,2,239085,FC27,Haaland,91,ST,,Gold,Rare,87,92,71,80,47,89,,,,,,,,,,,,,,,,,https://static.wefut.com/assets/images/fut27/playeravatars/239085.png?27,,https://wefut.com/player/latest/27/0,2026-09-08T16:28:17-03:00,"{""listing_offset"":0,""listing_index"":1,""raw_face_stats"":[87,92,71,80,47,89],""raw_face_stat_semantics"":""PAC/SHO/PAS/DRI/DEF/PHY""}"
WEFUT,3,231747,FC27,Mbappé,91,ST,,Gold,Rare,96,91,80,92,29,76,,,,,,,,,,,,,,,,,https://static.wefut.com/assets/images/fut27/playeravatars/231747.png?27,,https://wefut.com/player/latest/27/0,2026-09-08T16:28:17-03:00,"{""listing_offset"":0,""listing_index"":2,""raw_face_stats"":[96,91,80,92,29,76],""raw_face_stat_semantics"":""PAC/SHO/PAS/DRI/DEF/PHY""}"
WEFUT,4,246219,FC27,Shaw,90,ST,,Gold,Rare,79,90,71,81,42,88,,,,,,,,,,,,,,,,,https://static.wefut.com/assets/images/fut27/playeravatars/246219.png?27,,https://wefut.com/player/latest/27/0,2026-09-08T16:28:17-03:00,"{""listing_offset"":0,""listing_index"":3,""raw_face_stats"":[79,90,71,81,42,88],""raw_face_stat_semantics"":""PAC/SHO/PAS/DRI/DEF/PHY""}"
WEFUT,5,241667,FC27,Aitana Bonmatí,90,CM,,Gold,Rare,80,85,86,88,75,72,,,,,,,,,,,,,,,,,https://static.wefut.com/assets/images/fut27/playeravatars/241667.png?27,,https://wefut.com/player/latest/27/0,2026-09-08T16:28:17-03:00,"{""listing_offset"":0,""listing_index"":4,""raw_face_stats"":[80,85,86,88,75,72],""raw_face_stat_semantics"":""PAC/SHO/PAS/DRI/DEF/PHY""}"
WEFUT,6,231866,FC27,Rodri,90,CDM,,Gold,Rare,62,78,86,81,85,81,,,,,,,,,,,,,,,,,https://static.wefut.com/assets/images/fut27/playeravatars/231866.png?27,,https://wefut.com/player/latest/27/0,2026-09-08T16:28:17-03:00,"{""listing_offset"":0,""listing_index"":5,""raw_face_stats"":[62,78,86,81,85,81],""raw_face_stat_semantics"":""PAC/SHO/PAS/DRI/DEF/PHY""}"
WEFUT,7,231443,FC27,Dembélé,90,ST,,Gold,Rare,90,89,83,93,55,70,,,,,,,,,,,,,,,,,https://static.wefut.com/assets/images/fut27/playeravatars/231443.png?27,,https://wefut.com/player/latest/27/0,2026-09-08T16:28:17-03:00,"{""listing_offset"":0,""listing_index"":6,""raw_face_stats"":[90,89,83,93,55,70],""raw_face_stat_semantics"":""PAC/SHO/PAS/DRI/DEF/PHY""}"
WEFUT,8,255253,FC27,Vitinha,90,CM,,Gold,Rare,72,81,88,91,75,70,,,,,,,,,,,,,,,,,https://static.wefut.com/assets/images/fut27/playeravatars/255253.png?27,,https://wefut.com/player/latest/27/0,2026-09-08T16:28:17-03:00,"{""listing_offset"":0,""listing_index"":7,""raw_face_stats"":[72,81,88,91,75,70],""raw_face_stat_semantics"":""PAC/SHO/PAS/DRI/DEF/PHY""}"
WEFUT,9,202126,FC27,Kane,90,ST,,Gold,Rare,62,94,83,82,49,83,,,,,,,,,,,,,,,,,https://static.wefut.com/assets/images/fut27/playeravatars/202126.png?27,,https://wefut.com/player/latest/27/0,2026-09-08T16:28:17-03:00,"{""listing_offset"":0,""listing_index"":8,""raw_face_stats"":[62,94,83,82,49,83],""raw_face_stat_semantics"":""PAC/SHO/PAS/DRI/DEF/PHY""}"
WEFUT,10,247827,FC27,Olise,90,RM,,Gold,Rare,83,82,89,91,47,69,,,,,,,,,,,,,,,,,https://static.wefut.com/assets/images/fut27/playeravatars/247827.png?27,,https://wefut.com/player/latest/27/0,2026-09-08T16:28:17-03:00,"{""listing_offset"":0,""listing_index"":9,""raw_face_stats"":[83,82,89,91,47,69],""raw_face_stat_semantics"":""PAC/SHO/PAS/DRI/DEF/PHY""}"
WEFUT,11,192119,FC27,Courtois,90,GK,,Gold,Rare,,,,,,,87,89,78,90,46,90,,,,,,,,,,,https://static.wefut.com/assets/images/fut27/playeravatars/192119.png?27,,https://wefut.com/player/latest/27/0,2026-09-08T16:28:17-03:00,"{""listing_offset"":0,""listing_index"":10,""raw_face_stats"":[87,89,78,90,46,90],""raw_face_stat_semantics"":""DIV/HAN/KIC/REF/SPE/POS""}"
WEFUT,12,251854,FC27,Pedri,90,CM,,Gold,Rare,76,75,89,91,77,75,,,,,,,,,,,,,,,,,https://static.wefut.com/assets/images/fut27/playeravatars/251854.png?27,,https://wefut.com/player/latest/27/0,2026-09-08T16:28:17-03:00,"{""listing_offset"":0,""listing_index"":11,""raw_face_stats"":[76,75,89,91,77,75],""raw_face_stat_semantics"":""PAC/SHO/PAS/DRI/DEF/PHY""}"
WEFUT,13,252371,FC27,Bellingham,90,CAM,,Gold,Rare,79,86,83,88,79,85,,,,,,,,,,,,,,,,,https://static.wefut.com/assets/images/fut27/playeravatars/252371.png?27,,https://wefut.com/player/latest/27/0,2026-09-08T16:28:17-03:00,"{""listing_offset"":0,""listing_index"":12,""raw_face_stats"":[79,86,83,88,79,85],""raw_face_stat_semantics"":""PAC/SHO/PAS/DRI/DEF/PHY""}"
WEFUT,14,277643,FC27,Lamine Yamal,90,RW,,Gold,Rare,86,84,87,93,38,61,,,,,,,,,,,,,,,,,https://static.wefut.com/assets/images/fut27/playeravatars/277643.png?27,,https://wefut.com/player/latest/27/0,2026-09-08T16:28:17-03:00,"{""listing_offset"":0,""listing_index"":13,""raw_face_stats"":[86,84,87,93,38,61],""raw_face_stat_semantics"":""PAC/SHO/PAS/DRI/DEF/PHY""}"
WEFUT,15,237288,FC27,Mariona,89,CM,,Gold,Rare,79,85,86,90,78,82,,,,,,,,,,,,,,,,,https://static.wefut.com/assets/images/fut27/playeravatars/237288.png?27,,https://wefut.com/player/latest/27/0,2026-09-08T16:28:17-03:00,"{""listing_offset"":0,""listing_index"":14,""raw_face_stats"":[79,85,86,90,78,82],""raw_face_stat_semantics"":""PAC/SHO/PAS/DRI/DEF/PHY""}"
WEFUT,16,279799,FC27,Chawinga,89,LM,,Gold,Rare,91,83,81,86,46,84,,,,,,,,,,,,,,,,,https://static.wefut.com/assets/images/fut27/playeravatars/279799.png?27,,https://wefut.com/player/latest/27/0,2026-09-08T16:28:17-03:00,"{""listing_offset"":0,""listing_index"":15,""raw_face_stats"":[91,83,81,86,46,84],""raw_face_stat_semantics"":""PAC/SHO/PAS/DRI/DEF/PHY""}"
WEFUT,17,227102,FC27,Graham Hansen,89,RW,,Gold,Rare,88,87,88,90,47,76,,,,,,,,,,,,,,,,,https://static.wefut.com/assets/images/fut27/playeravatars/227102.png?27,,https://wefut.com/player/latest/27/0,2026-09-08T16:28:17-03:00,"{""listing_offset"":0,""listing_index"":16,""raw_face_stats"":[88,87,88,90,47,76],""raw_face_stat_semantics"":""PAC/SHO/PAS/DRI/DEF/PHY""}"
WEFUT,18,241846,FC27,Pajor,89,ST,,Gold,Rare,93,91,65,89,22,72,,,,,,,,,,,,,,,,,https://static.wefut.com/assets/images/fut27/playeravatars/241846.png?27,,https://wefut.com/player/latest/27/0,2026-09-08T16:28:17-03:00,"{""listing_offset"":0,""listing_index"":17,""raw_face_stats"":[93,91,65,89,22,72],""raw_face_stat_semantics"":""PAC/SHO/PAS/DRI/DEF/PHY""}"
WEFUT,19,262531,FC27,Claudia Pina,89,LW,,Gold,Rare,91,89,84,88,45,73,,,,,,,,,,,,,,,,,https://static.wefut.com/assets/images/fut27/playeravatars/262531.png?27,,https://wefut.com/player/latest/27/0,2026-09-08T16:28:17-03:00,"{""listing_offset"":0,""listing_index"":18,""raw_face_stats"":[91,89,84,88,45,73],""raw_face_stat_semantics"":""PAC/SHO/PAS/DRI/DEF/PHY""}"
WEFUT,20,212198,FC27,Bruno Fernandes,89,CAM,,Gold,Rare,67,85,92,85,68,75,,,,,,,,,,,,,,,,,https://static.wefut.com/assets/images/fut27/playeravatars/212198.png?27,,https://wefut.com/player/latest/27/0,2026-09-08T16:28:17-03:00,"{""listing_offset"":0,""listing_index"":19,""raw_face_stats"":[67,85,92,85,68,75],""raw_face_stat_semantics"":""PAC/SHO/PAS/DRI/DEF/PHY""}"
WEFUT,21,230621,FC27,Donnarumma,89,GK,,Gold,Rare,,,,,,,90,83,72,90,46,88,,,,,,,,,,,https://static.wefut.com/assets/images/fut27/playeravatars/230621.png?27,,https://wefut.com/player/latest/27/0,2026-09-08T16:28:17-03:00,"{""listing_offset"":0,""listing_index"":20,""raw_face_stats"":[90,83,72,90,46,88],""raw_face_stat_semantics"":""DIV/HAN/KIC/REF/SPE/POS""}"
WEFUT,22,232580,FC27,Gabriel,89,CB,,Gold,Rare,64,44,64,66,91,84,,,,,,,,,,,,,,,,,https://static.wefut.com/assets/images/fut27/playeravatars/232580.png?27,,https://wefut.com/player/latest/27/0,2026-09-08T16:28:17-03:00,"{""listing_offset"":0,""listing_index"":21,""raw_face_stats"":[64,44,64,66,91,84],""raw_face_stat_semantics"":""PAC/SHO/PAS/DRI/DEF/PHY""}"
WEFUT,23,247635,FC27,Kvaratskhelia,89,LW,,Gold,Rare,86,85,84,90,59,81,,,,,,,,,,,,,,,,,https://static.wefut.com/assets/images/fut27/playeravatars/247635.png?27,,https://wefut.com/player/latest/27/0,2026-09-08T16:28:17-03:00,"{""listing_offset"":0,""listing_index"":22,""raw_face_stats"":[86,85,84,90,59,81],""raw_face_stat_semantics"":""PAC/SHO/PAS/DRI/DEF/PHY""}"
WEFUT,24,252145,FC27,Nuno Mendes,89,LB,,Gold,Rare,94,77,80,86,84,80,,,,,,,,,,,,,,,,,https://static.wefut.com/assets/images/fut27/playeravatars/252145.png?27,,https://wefut.com/player/latest/27/0,2026-09-08T16:28:17-03:00,"{""listing_offset"":0,""listing_index"":23,""raw_face_stats"":[94,77,80,86,84,80],""raw_face_stat_semantics"":""PAC/SHO/PAS/DRI/DEF/PHY""}"
WEFUT,25,256196,FC27,Pacho,89,CB,,Gold,Rare,80,34,63,65,90,86,,,,,,,,,,,,,,,,,https://static.wefut.com/assets/images/fut27/playeravatars/256196.png?27,,https://wefut.com/player/latest/27/0,2026-09-08T16:28:17-03:00,"{""listing_offset"":0,""listing_index"":24,""raw_face_stats"":[80,34,63,65,90,86],""raw_face_stat_semantics"":""PAC/SHO/PAS/DRI/DEF/PHY""}"
WEFUT,26,158023,FC27,Messi,89,CAM,,Gold,Rare,76,87,89,90,33,63,,,,,,,,,,,,,,,,,https://static.wefut.com/assets/images/fut27/playeravatars/158023.png?27,,https://wefut.com/player/latest/27/0,2026-09-08T16:28:17-03:00,"{""listing_offset"":0,""listing_index"":25,""raw_face_stats"":[76,87,89,90,33,63],""raw_face_stat_semantics"":""PAC/SHO/PAS/DRI/DEF/PHY""}"
WEFUT,27,238794,FC27,Vini Jr.,89,LW,,Gold,Rare,93,85,80,91,31,71,,,,,,,,,,,,,,,,,https://static.wefut.com/assets/images/fut27/playeravatars/238794.png?27,,https://wefut.com/player/latest/27/0,2026-09-08T16:28:17-03:00,"{""listing_offset"":0,""listing_index"":26,""raw_face_stats"":[93,85,80,91,31,71],""raw_face_stat_semantics"":""PAC/SHO/PAS/DRI/DEF/PHY""}"
WEFUT,28,248822,FC27,Bühl,88,LM,,Gold,Rare,84,85,85,86,37,74,,,,,,,,,,,,,,,,,https://static.wefut.com/assets/images/fut27/playeravatars/248822.png?27,,https://wefut.com/player/latest/27/0,2026-09-08T16:28:17-03:00,"{""listing_offset"":0,""listing_index"":27,""raw_face_stats"":[84,85,85,86,37,74],""raw_face_stat_semantics"":""PAC/SHO/PAS/DRI/DEF/PHY""}"
WEFUT,29,236479,FC27,Mapi León,88,CB,,Gold,Rare,77,68,80,77,89,86,,,,,,,,,,,,,,,,,https://static.wefut.com/assets/images/fut27/playeravatars/236479.png?27,,https://wefut.com/player/latest/27/0,2026-09-08T16:28:17-03:00,"{""listing_offset"":0,""listing_index"":28,""raw_face_stats"":[77,68,80,77,89,86],""raw_face_stat_semantics"":""PAC/SHO/PAS/DRI/DEF/PHY""}"
WEFUT,30,245830,FC27,Hasegawa,88,CDM,,Gold,Rare,77,71,86,88,81,68,,,,,,,,,,,,,,,,,https://static.wefut.com/assets/images/fut27/playeravatars/245830.png?27,,https://wefut.com/player/latest/27/0,2026-09-08T16:28:17-03:00,"{""listing_offset"":0,""listing_index"":29,""raw_face_stats"":[77,71,86,88,81,68],""raw_face_stat_semantics"":""PAC/SHO/PAS/DRI/DEF/PHY""}"
WEFUT,31,258980,FC27,Russo,88,ST,,Gold,Rare,84,88,73,86,39,78,,,,,,,,,,,,,,,,,https://static.wefut.com/assets/images/fut27/playeravatars/258980.png?27,,https://wefut.com/player/latest/27/0,2026-09-08T16:28:17-03:00,"{""listing_offset"":0,""listing_index"":30,""raw_face_stats"":[84,88,73,86,39,78],""raw_face_stat_semantics"":""PAC/SHO/PAS/DRI/DEF/PHY""}"
WEFUT,32,265898,FC27,Dumornay,88,ST,,Gold,Rare,92,85,79,90,60,73,,,,,,,,,,,,,,,,,https://static.wefut.com/assets/images/fut27/playeravatars/265898.png?27,,https://wefut.com/player/latest/27/0,2026-09-08T16:28:17-03:00,"{""listing_offset"":0,""listing_index"":31,""raw_face_stats"":[92,85,79,90,60,73],""raw_face_stat_semantics"":""PAC/SHO/PAS/DRI/DEF/PHY""}"
WEFUT,33,264012,FC27,Wilson,88,ST,,Gold,Rare,91,87,79,88,45,78,,,,,,,,,,,,,,,,,https://static.wefut.com/assets/images/fut27/playeravatars/264012.png?27,,https://wefut.com/player/latest/27/0,2026-09-08T16:28:17-03:00,"{""listing_offset"":0,""listing_index"":32,""raw_face_stats"":[91,87,79,88,45,78],""raw_face_stat_semantics"":""PAC/SHO/PAS/DRI/DEF/PHY""}"
WEFUT,34,276359,FC27,Banda,88,ST,,Gold,Rare,92,84,64,80,33,82,,,,,,,,,,,,,,,,,https://static.wefut.com/assets/images/fut27/playeravatars/276359.png?27,,https://wefut.com/player/latest/27/0,2026-09-08T16:28:17-03:00,"{""listing_offset"":0,""listing_index"":33,""raw_face_stats"":[92,84,64,80,33,82],""raw_face_stat_semantics"":""PAC/SHO/PAS/DRI/DEF/PHY""}"
WEFUT,35,237289,FC27,Patri Guijarro,88,CDM,,Gold,Rare,78,82,83,88,84,88,,,,,,,,,,,,,,,,,https://static.wefut.com/assets/images/fut27/playeravatars/237289.png?27,,https://wefut.com/player/latest/27/0,2026-09-08T16:28:17-03:00,"{""listing_offset"":0,""listing_index"":34,""raw_face_stats"":[78,82,83,88,84,88],""raw_face_stat_semantics"":""PAC/SHO/PAS/DRI/DEF/PHY""}"
WEFUT,36,203376,FC27,van Dijk,88,CB,,Gold,Rare,70,60,72,70,89,85,,,,,,,,,,,,,,,,,https://static.wefut.com/assets/images/fut27/playeravatars/203376.png?27,,https://wefut.com/player/latest/27/0,2026-09-08T16:28:17-03:00,"{""listing_offset"":0,""listing_index"":35,""raw_face_stats"":[70,60,72,70,89,85],""raw_face_stat_semantics"":""PAC/SHO/PAS/DRI/DEF/PHY""}"
WEFUT,37,220901,FC27,David Raya,88,GK,,Gold,Rare,,,,,,,87,86,88,88,58,86,,,,,,,,,,,https://static.wefut.com/assets/images/fut27/playeravatars/220901.png?27,,https://wefut.com/player/latest/27/0,2026-09-08T16:28:17-03:00,"{""listing_offset"":0,""listing_index"":36,""raw_face_stats"":[87,86,88,88,58,86],""raw_face_stat_semantics"":""DIV/HAN/KIC/REF/SPE/POS""}"
WEFUT,38,234378,FC27,Rice,88,CDM,,Gold,Rare,72,75,86,81,85,84,,,,,,,,,,,,,,,,,https://static.wefut.com/assets/images/fut27/playeravatars/234378.png?27,,https://wefut.com/player/latest/27/0,2026-09-08T16:28:17-03:00,"{""listing_offset"":0,""listing_index"":37,""raw_face_stats"":[72,75,86,81,85,84],""raw_face_stat_semantics"":""PAC/SHO/PAS/DRI/DEF/PHY""}"
WEFUT,39,243715,FC27,Saliba,88,CB,,Gold,Rare,77,41,68,73,90,82,,,,,,,,,,,,,,,,,https://static.wefut.com/assets/images/fut27/playeravatars/243715.png?27,,https://wefut.com/player/latest/27/0,2026-09-08T16:28:17-03:00,"{""listing_offset"":0,""listing_index"":38,""raw_face_stats"":[77,41,68,73,90,82],""raw_face_stat_semantics"":""PAC/SHO/PAS/DRI/DEF/PHY""}"
WEFUT,40,235212,FC27,Hakimi,88,RB,,Gold,Rare,92,79,81,82,82,81,,,,,,,,,,,,,,,,,https://static.wefut.com/assets/images/fut27/playeravatars/235212.png?27,,https://wefut.com/player/latest/27/0,2026-09-08T16:28:17-03:00,"{""listing_offset"":0,""listing_index"":39,""raw_face_stats"":[92,79,81,82,82,81],""raw_face_stat_semantics"":""PAC/SHO/PAS/DRI/DEF/PHY""}"
WEFUT,41,,FC27,João Neves,88,CM,,,,72,75,84,87,86,82,,,,,,,,,,,,,,,,,,,https://wefut.com/player/latest/27/40,2026-09-08T16:28:17-03:00,"{""listing_offset"":40,""listing_index"":0,""raw_face_stats"":[72,75,84,87,86,82],""raw_face_stat_semantics"":""PAC/SHO/PAS/DRI/DEF/PHY""}"
WEFUT,42,,FC27,Kimmich,88,CDM,,,,71,73,90,84,81,79,,,,,,,,,,,,,,,,,,,https://wefut.com/player/latest/27/40,2026-09-08T16:28:17-03:00,"{""listing_offset"":40,""listing_index"":1,""raw_face_stats"":[71,73,90,84,81,79],""raw_face_stat_semantics"":""PAC/SHO/PAS/DRI/DEF/PHY""}"
WEFUT,43,,FC27,Díaz,88,LM,,,,82,82,83,87,44,74,,,,,,,,,,,,,,,,,,,https://wefut.com/player/latest/27/40,2026-09-08T16:28:17-03:00,"{""listing_offset"":40,""listing_index"":2,""raw_face_stats"":[82,82,83,87,44,74],""raw_face_stat_semantics"":""PAC/SHO/PAS/DRI/DEF/PHY""}"
WEFUT,44,,FC27,Oblak,88,GK,,,,,,,,,,85,90,79,87,46,86,,,,,,,,,,,,,https://wefut.com/player/latest/27/40,2026-09-08T16:28:17-03:00,"{""listing_offset"":40,""listing_index"":3,""raw_face_stats"":[85,90,79,87,46,86],""raw_face_stat_semantics"":""DIV/HAN/KIC/REF/SPE/POS""}"
WEFUT,45,,FC27,Raphinha,88,LW,,,,91,86,85,87,54,76,,,,,,,,,,,,,,,,,,,https://wefut.com/player/latest/27/40,2026-09-08T16:28:17-03:00,"{""listing_offset"":40,""listing_index"":4,""raw_face_stats"":[91,86,85,87,54,76],""raw_face_stat_semantics"":""PAC/SHO/PAS/DRI/DEF/PHY""}"
WEFUT,46,,FC27,Harder,87,CAM,,,,82,81,80,88,28,79,,,,,,,,,,,,,,,,,,,https://wefut.com/player/latest/27/40,2026-09-08T16:28:17-03:00,"{""listing_offset"":40,""listing_index"":5,""raw_face_stats"":[82,81,80,88,28,79],""raw_face_stat_semantics"":""PAC/SHO/PAS/DRI/DEF/PHY""}"
WEFUT,47,,FC27,Diani,87,RM,,,,91,84,81,88,56,73,,,,,,,,,,,,,,,,,,,https://wefut.com/player/latest/27/40,2026-09-08T16:28:17-03:00,"{""listing_offset"":40,""listing_index"":6,""raw_face_stats"":[91,84,81,88,56,73],""raw_face_stat_semantics"":""PAC/SHO/PAS/DRI/DEF/PHY""}"
WEFUT,48,,FC27,Miedema,87,CAM,,,,83,86,80,86,34,82,,,,,,,,,,,,,,,,,,,https://wefut.com/player/latest/27/40,2026-09-08T16:28:17-03:00,"{""listing_offset"":40,""listing_index"":7,""raw_face_stats"":[83,86,80,86,34,82],""raw_face_stat_semantics"":""PAC/SHO/PAS/DRI/DEF/PHY""}"
WEFUT,49,,FC27,Ona Batlle,87,RB,,,,88,62,80,82,82,72,,,,,,,,,,,,,,,,,,,https://wefut.com/player/latest/27/40,2026-09-08T16:28:17-03:00,"{""listing_offset"":40,""listing_index"":8,""raw_face_stats"":[88,62,80,82,82,72],""raw_face_stat_semantics"":""PAC/SHO/PAS/DRI/DEF/PHY""}"
WEFUT,50,,FC27,Hemp,87,LM,,,,92,77,83,87,63,69,,,,,,,,,,,,,,,,,,,https://wefut.com/player/latest/27/40,2026-09-08T16:28:17-03:00,"{""listing_offset"":40,""listing_index"":9,""raw_face_stats"":[92,77,83,87,63,69],""raw_face_stat_semantics"":""PAC/SHO/PAS/DRI/DEF/PHY""}"
WEFUT,51,,FC27,Hampton,87,GK,,,,,,,,,,87,84,89,85,60,85,,,,,,,,,,,,,https://wefut.com/player/latest/27/40,2026-09-08T16:28:17-03:00,"{""listing_offset"":40,""listing_index"":10,""raw_face_stats"":[87,84,89,85,60,85],""raw_face_stat_semantics"":""DIV/HAN/KIC/REF/SPE/POS""}"
WEFUT,52,,FC27,Karchaoui,87,CM,,,,89,76,87,88,79,72,,,,,,,,,,,,,,,,,,,https://wefut.com/player/latest/27/40,2026-09-08T16:28:17-03:00,"{""listing_offset"":40,""listing_index"":11,""raw_face_stats"":[89,76,87,88,79,72],""raw_face_stat_semantics"":""PAC/SHO/PAS/DRI/DEF/PHY""}"
WEFUT,53,,FC27,Salma Paralluelo,87,LW,,,,93,84,79,85,46,78,,,,,,,,,,,,,,,,,,,https://wefut.com/player/latest/27/40,2026-09-08T16:28:17-03:00,"{""listing_offset"":40,""listing_index"":12,""raw_face_stats"":[93,84,79,85,46,78],""raw_face_stat_semantics"":""PAC/SHO/PAS/DRI/DEF/PHY""}"
WEFUT,54,,FC27,Chawinga,87,LW,,,,94,83,76,86,36,81,,,,,,,,,,,,,,,,,,,https://wefut.com/player/latest/27/40,2026-09-08T16:28:17-03:00,"{""listing_offset"":40,""listing_index"":13,""raw_face_stats"":[94,83,76,86,36,81],""raw_face_stat_semantics"":""PAC/SHO/PAS/DRI/DEF/PHY""}"
WEFUT,55,,FC27,Debinha,87,CAM,,,,85,79,85,89,46,57,,,,,,,,,,,,,,,,,,,https://wefut.com/player/latest/27/40,2026-09-08T16:28:17-03:00,"{""listing_offset"":40,""listing_index"":14,""raw_face_stats"":[85,79,85,89,46,57],""raw_face_stat_semantics"":""PAC/SHO/PAS/DRI/DEF/PHY""}"
WEFUT,56,,FC27,Lavelle,87,CAM,,,,85,79,84,87,60,65,,,,,,,,,,,,,,,,,,,https://wefut.com/player/latest/27/40,2026-09-08T16:28:17-03:00,"{""listing_offset"":40,""listing_index"":15,""raw_face_stats"":[85,79,84,87,60,65],""raw_face_stat_semantics"":""PAC/SHO/PAS/DRI/DEF/PHY""}"
WEFUT,57,,FC27,Berger,87,GK,,,,,,,,,,87,85,82,87,45,82,,,,,,,,,,,,,https://wefut.com/player/latest/27/40,2026-09-08T16:28:17-03:00,"{""listing_offset"":40,""listing_index"":16,""raw_face_stats"":[87,85,82,87,45,82],""raw_face_stat_semantics"":""DIV/HAN/KIC/REF/SPE/POS""}"
WEFUT,58,,FC27,Rodman,87,LM,,,,91,82,81,83,55,82,,,,,,,,,,,,,,,,,,,https://wefut.com/player/latest/27/40,2026-09-08T16:28:17-03:00,"{""listing_offset"":40,""listing_index"":17,""raw_face_stats"":[91,82,81,83,55,82],""raw_face_stat_semantics"":""PAC/SHO/PAS/DRI/DEF/PHY""}"
WEFUT,59,,FC27,Irene Paredes,87,CB,,,,74,52,67,70,88,84,,,,,,,,,,,,,,,,,,,https://wefut.com/player/latest/27/40,2026-09-08T16:28:17-03:00,"{""listing_offset"":40,""listing_index"":18,""raw_face_stats"":[74,52,67,70,88,84],""raw_face_stat_semantics"":""PAC/SHO/PAS/DRI/DEF/PHY""}"
WEFUT,60,,FC27,Alisson,87,GK,,,,,,,,,,85,87,82,86,50,86,,,,,,,,,,,,,https://wefut.com/player/latest/27/40,2026-09-08T16:28:17-03:00,"{""listing_offset"":40,""listing_index"":19,""raw_face_stats"":[85,87,82,86,50,86],""raw_face_stat_semantics"":""DIV/HAN/KIC/REF/SPE/POS""}"
WEFUT,61,,FC27,Rúben Dias,87,CB,,,,58,44,69,69,87,83,,,,,,,,,,,,,,,,,,,https://wefut.com/player/latest/27/40,2026-09-08T16:28:17-03:00,"{""listing_offset"":40,""listing_index"":20,""raw_face_stats"":[58,44,69,69,87,83],""raw_face_stat_semantics"":""PAC/SHO/PAS/DRI/DEF/PHY""}"
WEFUT,62,,FC27,Saka,87,RW,,,,79,82,85,87,60,73,,,,,,,,,,,,,,,,,,,https://wefut.com/player/latest/27/40,2026-09-08T16:28:17-03:00,"{""listing_offset"":40,""listing_index"":21,""raw_face_stats"":[79,82,85,87,60,73],""raw_face_stat_semantics"":""PAC/SHO/PAS/DRI/DEF/PHY""}"
WEFUT,63,,FC27,Marquinhos,87,CB,,,,74,56,75,73,89,78,,,,,,,,,,,,,,,,,,,https://wefut.com/player/latest/27/40,2026-09-08T16:28:17-03:00,"{""listing_offset"":40,""listing_index"":22,""raw_face_stats"":[74,56,75,73,89,78],""raw_face_stat_semantics"":""PAC/SHO/PAS/DRI/DEF/PHY""}"
WEFUT,64,,FC27,Tah,87,CB,,,,62,38,60,63,87,86,,,,,,,,,,,,,,,,,,,https://wefut.com/player/latest/27/40,2026-09-08T16:28:17-03:00,"{""listing_offset"":40,""listing_index"":23,""raw_face_stats"":[62,38,60,63,87,86],""raw_face_stat_semantics"":""PAC/SHO/PAS/DRI/DEF/PHY""}"
WEFUT,65,,FC27,Upamecano,87,CB,,,,80,45,65,75,86,83,,,,,,,,,,,,,,,,,,,https://wefut.com/player/latest/27/40,2026-09-08T16:28:17-03:00,"{""listing_offset"":40,""listing_index"":24,""raw_face_stats"":[80,45,65,75,86,83],""raw_face_stat_semantics"":""PAC/SHO/PAS/DRI/DEF/PHY""}"
WEFUT,66,,FC27,Kobel,87,GK,,,,,,,,,,88,85,64,88,44,86,,,,,,,,,,,,,https://wefut.com/player/latest/27/40,2026-09-08T16:28:17-03:00,"{""listing_offset"":40,""listing_index"":25,""raw_face_stats"":[88,85,64,88,44,86],""raw_face_stat_semantics"":""DIV/HAN/KIC/REF/SPE/POS""}"
WEFUT,67,,FC27,Schlotterbeck,87,CB,,,,81,60,76,74,86,84,,,,,,,,,,,,,,,,,,,https://wefut.com/player/latest/27/40,2026-09-08T16:28:17-03:00,"{""listing_offset"":40,""listing_index"":26,""raw_face_stats"":[81,60,76,74,86,84],""raw_face_stat_semantics"":""PAC/SHO/PAS/DRI/DEF/PHY""}"
WEFUT,68,,FC27,Musiala,87,CAM,,,,79,81,79,90,62,65,,,,,,,,,,,,,,,,,,,https://wefut.com/player/latest/27/40,2026-09-08T16:28:17-03:00,"{""listing_offset"":40,""listing_index"":27,""raw_face_stats"":[79,81,79,90,62,65],""raw_face_stat_semantics"":""PAC/SHO/PAS/DRI/DEF/PHY""}"
WEFUT,69,,FC27,Maignan,87,GK,,,,,,,,,,83,86,81,89,64,84,,,,,,,,,,,,,https://wefut.com/player/latest/27/40,2026-09-08T16:28:17-03:00,"{""listing_offset"":40,""listing_index"":28,""raw_face_stats"":[83,86,81,89,64,84],""raw_face_stat_semantics"":""DIV/HAN/KIC/REF/SPE/POS""}"
WEFUT,70,,FC27,Barella,87,CM,,,,77,78,84,86,81,72,,,,,,,,,,,,,,,,,,,https://wefut.com/player/latest/27/40,2026-09-08T16:28:17-03:00,"{""listing_offset"":40,""listing_index"":29,""raw_face_stats"":[77,78,84,86,81,72],""raw_face_stat_semantics"":""PAC/SHO/PAS/DRI/DEF/PHY""}"
WEFUT,71,,FC27,Martínez,87,ST,,,,80,88,76,85,51,74,,,,,,,,,,,,,,,,,,,https://wefut.com/player/latest/27/40,2026-09-08T16:28:17-03:00,"{""listing_offset"":40,""listing_index"":30,""raw_face_stats"":[80,88,76,85,51,74],""raw_face_stat_semantics"":""PAC/SHO/PAS/DRI/DEF/PHY""}"
WEFUT,72,,FC27,Valverde,87,CM,,,,90,84,83,81,81,85,,,,,,,,,,,,,,,,,,,https://wefut.com/player/latest/27/40,2026-09-08T16:28:17-03:00,"{""listing_offset"":40,""listing_index"":31,""raw_face_stats"":[90,84,83,81,81,85],""raw_face_stat_semantics"":""PAC/SHO/PAS/DRI/DEF/PHY""}"
WEFUT,73,,FC27,Stanway,86,CDM,,,,82,79,80,86,78,78,,,,,,,,,,,,,,,,,,,https://wefut.com/player/latest/27/40,2026-09-08T16:28:17-03:00,"{""listing_offset"":40,""listing_index"":32,""raw_face_stats"":[82,79,80,86,78,78],""raw_face_stat_semantics"":""PAC/SHO/PAS/DRI/DEF/PHY""}"
WEFUT,74,,FC27,Kelly,86,RM,,,,89,85,85,84,43,69,,,,,,,,,,,,,,,,,,,https://wefut.com/player/latest/27/40,2026-09-08T16:28:17-03:00,"{""listing_offset"":40,""listing_index"":33,""raw_face_stats"":[89,85,85,84,43,69],""raw_face_stat_semantics"":""PAC/SHO/PAS/DRI/DEF/PHY""}"
WEFUT,75,,FC27,McCabe,86,LB,,,,79,81,82,83,83,81,,,,,,,,,,,,,,,,,,,https://wefut.com/player/latest/27/40,2026-09-08T16:28:17-03:00,"{""listing_offset"":40,""listing_index"":34,""raw_face_stats"":[79,81,82,83,83,81],""raw_face_stat_semantics"":""PAC/SHO/PAS/DRI/DEF/PHY""}"
WEFUT,76,,FC27,Weir,86,CAM,,,,80,83,84,87,69,72,,,,,,,,,,,,,,,,,,,https://wefut.com/player/latest/27/40,2026-09-08T16:28:17-03:00,"{""listing_offset"":40,""listing_index"":35,""raw_face_stats"":[80,83,84,87,69,72],""raw_face_stat_semantics"":""PAC/SHO/PAS/DRI/DEF/PHY""}"
WEFUT,77,,FC27,Katoto,86,ST,,,,84,84,77,82,39,75,,,,,,,,,,,,,,,,,,,https://wefut.com/player/latest/27/40,2026-09-08T16:28:17-03:00,"{""listing_offset"":40,""listing_index"":36,""raw_face_stats"":[84,84,77,82,39,75],""raw_face_stat_semantics"":""PAC/SHO/PAS/DRI/DEF/PHY""}"
WEFUT,78,,FC27,Bacha,86,LB,,,,88,73,85,82,79,81,,,,,,,,,,,,,,,,,,,https://wefut.com/player/latest/27/40,2026-09-08T16:28:17-03:00,"{""listing_offset"":40,""listing_index"":37,""raw_face_stats"":[88,73,85,82,79,81],""raw_face_stat_semantics"":""PAC/SHO/PAS/DRI/DEF/PHY""}"
WEFUT,79,,FC27,Reiten,86,LB,,,,86,80,85,85,79,69,,,,,,,,,,,,,,,,,,,https://wefut.com/player/latest/27/40,2026-09-08T16:28:17-03:00,"{""listing_offset"":40,""listing_index"":38,""raw_face_stats"":[86,80,85,85,79,69],""raw_face_stat_semantics"":""PAC/SHO/PAS/DRI/DEF/PHY""}"
WEFUT,80,,FC27,Heaps,86,CM,,,,76,84,86,84,64,80,,,,,,,,,,,,,,,,,,,https://wefut.com/player/latest/27/40,2026-09-08T16:28:17-03:00,"{""listing_offset"":40,""listing_index"":39,""raw_face_stats"":[76,84,86,84,64,80],""raw_face_stat_semantics"":""PAC/SHO/PAS/DRI/DEF/PHY""}"
WEFUT,81,,FC27,Ødegaard,86,CM,,,,65,78,88,87,66,63,,,,,,,,,,,,,,,,,,,https://wefut.com/player/latest/27/80,2026-09-08T16:28:17-03:00,"{""listing_offset"":80,""listing_index"":0,""raw_face_stats"":[65,78,88,87,66,63],""raw_face_stat_semantics"":""PAC/SHO/PAS/DRI/DEF/PHY""}"
WEFUT,82,,FC27,Isak,86,ST,,,,81,87,72,82,39,72,,,,,,,,,,,,,,,,,,,https://wefut.com/player/latest/27/80,2026-09-08T16:28:17-03:00,"{""listing_offset"":80,""listing_index"":1,""raw_face_stats"":[81,87,72,82,39,72],""raw_face_stat_semantics"":""PAC/SHO/PAS/DRI/DEF/PHY""}"
WEFUT,83,,FC27,Szoboszlai,86,CAM,,,,82,83,86,84,74,77,,,,,,,,,,,,,,,,,,,https://wefut.com/player/latest/27/80,2026-09-08T16:28:17-03:00,"{""listing_offset"":80,""listing_index"":2,""raw_face_stats"":[82,83,86,84,74,77],""raw_face_stat_semantics"":""PAC/SHO/PAS/DRI/DEF/PHY""}"
WEFUT,84,,FC27,Gyökeres,86,ST,,,,81,87,72,78,44,87,,,,,,,,,,,,,,,,,,,https://wefut.com/player/latest/27/80,2026-09-08T16:28:17-03:00,"{""listing_offset"":80,""listing_index"":3,""raw_face_stats"":[81,87,72,78,44,87],""raw_face_stat_semantics"":""PAC/SHO/PAS/DRI/DEF/PHY""}"
WEFUT,85,,FC27,Fernández,86,CM,,,,68,78,86,83,74,76,,,,,,,,,,,,,,,,,,,https://wefut.com/player/latest/27/80,2026-09-08T16:28:17-03:00,"{""listing_offset"":80,""listing_index"":4,""raw_face_stats"":[68,78,86,83,74,76],""raw_face_stat_semantics"":""PAC/SHO/PAS/DRI/DEF/PHY""}"
WEFUT,86,,FC27,Bruno Guimarães,86,CM,,,,59,75,85,84,80,80,,,,,,,,,,,,,,,,,,,https://wefut.com/player/latest/27/80,2026-09-08T16:28:17-03:00,"{""listing_offset"":80,""listing_index"":5,""raw_face_stats"":[59,75,85,84,80,80],""raw_face_stat_semantics"":""PAC/SHO/PAS/DRI/DEF/PHY""}"
WEFUT,87,,FC27,Cherki,86,RW,,,,74,79,85,91,41,67,,,,,,,,,,,,,,,,,,,https://wefut.com/player/latest/27/80,2026-09-08T16:28:17-03:00,"{""listing_offset"":80,""listing_index"":6,""raw_face_stats"":[74,79,85,91,41,67],""raw_face_stat_semantics"":""PAC/SHO/PAS/DRI/DEF/PHY""}"
WEFUT,88,,FC27,Caicedo,86,CDM,,,,69,68,77,81,84,82,,,,,,,,,,,,,,,,,,,https://wefut.com/player/latest/27/80,2026-09-08T16:28:17-03:00,"{""listing_offset"":80,""listing_index"":7,""raw_face_stats"":[69,68,77,81,84,82],""raw_face_stat_semantics"":""PAC/SHO/PAS/DRI/DEF/PHY""}"
WEFUT,89,,FC27,Wirtz,86,CAM,,,,77,79,86,88,54,61,,,,,,,,,,,,,,,,,,,https://wefut.com/player/latest/27/80,2026-09-08T16:28:17-03:00,"{""listing_offset"":80,""listing_index"":8,""raw_face_stats"":[77,79,86,88,54,61],""raw_face_stat_semantics"":""PAC/SHO/PAS/DRI/DEF/PHY""}"
WEFUT,90,,FC27,Fabián Ruiz,86,CM,,,,60,77,83,82,77,73,,,,,,,,,,,,,,,,,,,https://wefut.com/player/latest/27/80,2026-09-08T16:28:17-03:00,"{""listing_offset"":80,""listing_index"":9,""raw_face_stats"":[60,77,83,82,77,73],""raw_face_stat_semantics"":""PAC/SHO/PAS/DRI/DEF/PHY""}"
WEFUT,91,,FC27,Doué,86,RW,,,,83,81,79,90,55,80,,,,,,,,,,,,,,,,,,,https://wefut.com/player/latest/27/80,2026-09-08T16:28:17-03:00,"{""listing_offset"":80,""listing_index"":10,""raw_face_stats"":[83,81,79,90,55,80],""raw_face_stat_semantics"":""PAC/SHO/PAS/DRI/DEF/PHY""}"
WEFUT,92,,FC27,Dimarco,86,LB,,,,81,78,85,81,80,74,,,,,,,,,,,,,,,,,,,https://wefut.com/player/latest/27/80,2026-09-08T16:28:17-03:00,"{""listing_offset"":80,""listing_index"":11,""raw_face_stats"":[81,78,85,81,80,74],""raw_face_stat_semantics"":""PAC/SHO/PAS/DRI/DEF/PHY""}"
WEFUT,93,,FC27,McTominay,86,CM,,,,80,83,77,82,80,86,,,,,,,,,,,,,,,,,,,https://wefut.com/player/latest/27/80,2026-09-08T16:28:17-03:00,"{""listing_offset"":80,""listing_index"":12,""raw_face_stats"":[80,83,77,82,80,86],""raw_face_stat_semantics"":""PAC/SHO/PAS/DRI/DEF/PHY""}"
WEFUT,94,,FC27,Bastoni,86,CB,,,,74,47,76,78,86,82,,,,,,,,,,,,,,,,,,,https://wefut.com/player/latest/27/80,2026-09-08T16:28:17-03:00,"{""listing_offset"":80,""listing_index"":13,""raw_face_stats"":[74,47,76,78,86,82],""raw_face_stat_semantics"":""PAC/SHO/PAS/DRI/DEF/PHY""}"
WEFUT,95,,FC27,Bremer,86,CB,,,,85,52,59,68,87,85,,,,,,,,,,,,,,,,,,,https://wefut.com/player/latest/27/80,2026-09-08T16:28:17-03:00,"{""listing_offset"":80,""listing_index"":14,""raw_face_stats"":[85,52,59,68,87,85],""raw_face_stat_semantics"":""PAC/SHO/PAS/DRI/DEF/PHY""}"
WEFUT,96,,FC27,Carnesecchi,86,GK,,,,,,,,,,84,85,76,87,30,86,,,,,,,,,,,,,https://wefut.com/player/latest/27/80,2026-09-08T16:28:17-03:00,"{""listing_offset"":80,""listing_index"":15,""raw_face_stats"":[84,85,76,87,30,86],""raw_face_stat_semantics"":""DIV/HAN/KIC/REF/SPE/POS""}"
WEFUT,97,,FC27,de Jong,86,CM,,,,77,70,85,84,77,77,,,,,,,,,,,,,,,,,,,https://wefut.com/player/latest/27/80,2026-09-08T16:28:17-03:00,"{""listing_offset"":80,""listing_index"":16,""raw_face_stats"":[77,70,85,84,77,77],""raw_face_stat_semantics"":""PAC/SHO/PAS/DRI/DEF/PHY""}"
WEFUT,98,,FC27,Cucurella,86,LB,,,,75,64,79,78,84,78,,,,,,,,,,,,,,,,,,,https://wefut.com/player/latest/27/80,2026-09-08T16:28:17-03:00,"{""listing_offset"":80,""listing_index"":17,""raw_face_stats"":[75,64,79,78,84,78],""raw_face_stat_semantics"":""PAC/SHO/PAS/DRI/DEF/PHY""}"
WEFUT,99,,FC27,Alvarez,86,ST,,,,86,86,82,87,58,77,,,,,,,,,,,,,,,,,,,https://wefut.com/player/latest/27/80,2026-09-08T16:28:17-03:00,"{""listing_offset"":80,""listing_index"":18,""raw_face_stats"":[86,86,82,87,58,77],""raw_face_stat_semantics"":""PAC/SHO/PAS/DRI/DEF/PHY""}"
WEFUT,100,,FC27,Joan García,86,GK,,,,,,,,,,85,85,80,88,46,84,,,,,,,,,,,,,https://wefut.com/player/latest/27/80,2026-09-08T16:28:17-03:00,"{""listing_offset"":80,""listing_index"":19,""raw_face_stats"":[85,85,80,88,46,84],""raw_face_stat_semantics"":""DIV/HAN/KIC/REF/SPE/POS""}"
WEFUT,101,,FC27,Pau Cubarsí,86,CB,,,,78,44,69,77,85,81,,,,,,,,,,,,,,,,,,,https://wefut.com/player/latest/27/80,2026-09-08T16:28:17-03:00,"{""listing_offset"":80,""listing_index"":20,""raw_face_stats"":[78,44,69,77,85,81],""raw_face_stat_semantics"":""PAC/SHO/PAS/DRI/DEF/PHY""}"
WEFUT,102,,FC27,Diogo Costa,86,GK,,,,,,,,,,85,84,86,84,35,84,,,,,,,,,,,,,https://wefut.com/player/latest/27/80,2026-09-08T16:28:17-03:00,"{""listing_offset"":80,""listing_index"":21,""raw_face_stats"":[85,84,86,84,35,84],""raw_face_stat_semantics"":""DIV/HAN/KIC/REF/SPE/POS""}"
WEFUT,103,,FC27,Huth,85,RM,,,,82,75,84,85,58,67,,,,,,,,,,,,,,,,,,,https://wefut.com/player/latest/27/80,2026-09-08T16:28:17-03:00,"{""listing_offset"":80,""listing_index"":22,""raw_face_stats"":[82,75,84,85,58,67],""raw_face_stat_semantics"":""PAC/SHO/PAS/DRI/DEF/PHY""}"
WEFUT,104,,FC27,Foord,85,LM,,,,87,77,79,84,45,70,,,,,,,,,,,,,,,,,,,https://wefut.com/player/latest/27/80,2026-09-08T16:28:17-03:00,"{""listing_offset"":80,""listing_index"":23,""raw_face_stats"":[87,77,79,84,45,70],""raw_face_stat_semantics"":""PAC/SHO/PAS/DRI/DEF/PHY""}"
WEFUT,105,,FC27,Bronze,85,RB,,,,71,68,81,80,85,87,,,,,,,,,,,,,,,,,,,https://wefut.com/player/latest/27/80,2026-09-08T16:28:17-03:00,"{""listing_offset"":80,""listing_index"":24,""raw_face_stats"":[71,68,81,80,85,87],""raw_face_stat_semantics"":""PAC/SHO/PAS/DRI/DEF/PHY""}"
WEFUT,106,,FC27,Greenwood,85,LB,,,,72,65,79,73,85,82,,,,,,,,,,,,,,,,,,,https://wefut.com/player/latest/27/80,2026-09-08T16:28:17-03:00,"{""listing_offset"":80,""listing_index"":25,""raw_face_stats"":[72,65,79,73,85,82],""raw_face_stat_semantics"":""PAC/SHO/PAS/DRI/DEF/PHY""}"
WEFUT,107,,FC27,Cascarino,85,RM,,,,91,75,78,88,49,67,,,,,,,,,,,,,,,,,,,https://wefut.com/player/latest/27/80,2026-09-08T16:28:17-03:00,"{""listing_offset"":80,""listing_index"":26,""raw_face_stats"":[91,75,78,88,49,67],""raw_face_stat_semantics"":""PAC/SHO/PAS/DRI/DEF/PHY""}"
WEFUT,108,,FC27,Carpenter,85,RB,,,,85,51,79,77,80,83,,,,,,,,,,,,,,,,,,,https://wefut.com/player/latest/27/80,2026-09-08T16:28:17-03:00,"{""listing_offset"":80,""listing_index"":27,""raw_face_stats"":[85,51,79,77,80,83],""raw_face_stat_semantics"":""PAC/SHO/PAS/DRI/DEF/PHY""}"
WEFUT,109,,FC27,Walsh,85,CDM,,,,66,46,81,79,79,76,,,,,,,,,,,,,,,,,,,https://wefut.com/player/latest/27/80,2026-09-08T16:28:17-03:00,"{""listing_offset"":80,""listing_index"":28,""raw_face_stats"":[66,46,81,79,79,76],""raw_face_stat_semantics"":""PAC/SHO/PAS/DRI/DEF/PHY""}"
WEFUT,110,,FC27,Cuthbert,85,CDM,,,,79,80,84,83,80,75,,,,,,,,,,,,,,,,,,,https://wefut.com/player/latest/27/80,2026-09-08T16:28:17-03:00,"{""listing_offset"":80,""listing_index"":29,""raw_face_stats"":[79,80,84,83,80,75],""raw_face_stat_semantics"":""PAC/SHO/PAS/DRI/DEF/PHY""}"
WEFUT,111,,FC27,Williamson,85,CB,,,,75,48,73,73,86,78,,,,,,,,,,,,,,,,,,,https://wefut.com/player/latest/27/80,2026-09-08T16:28:17-03:00,"{""listing_offset"":80,""listing_index"":30,""raw_face_stats"":[75,48,73,73,86,78],""raw_face_stat_semantics"":""PAC/SHO/PAS/DRI/DEF/PHY""}"
WEFUT,112,,FC27,Nnadozie,85,GK,,,,,,,,,,87,80,80,88,63,84,,,,,,,,,,,,,https://wefut.com/player/latest/27/80,2026-09-08T16:28:17-03:00,"{""listing_offset"":80,""listing_index"":31,""raw_face_stats"":[87,80,80,88,63,84],""raw_face_stat_semantics"":""DIV/HAN/KIC/REF/SPE/POS""}"
WEFUT,113,,FC27,Fox,85,RB,,,,80,47,71,79,81,74,,,,,,,,,,,,,,,,,,,https://wefut.com/player/latest/27/80,2026-09-08T16:28:17-03:00,"{""listing_offset"":80,""listing_index"":32,""raw_face_stats"":[80,47,71,79,81,74],""raw_face_stat_semantics"":""PAC/SHO/PAS/DRI/DEF/PHY""}"
WEFUT,114,,FC27,Baltimore,85,LM,,,,89,74,83,86,72,71,,,,,,,,,,,,,,,,,,,https://wefut.com/player/latest/27/80,2026-09-08T16:28:17-03:00,"{""listing_offset"":80,""listing_index"":33,""raw_face_stats"":[89,74,83,86,72,71],""raw_face_stat_semantics"":""PAC/SHO/PAS/DRI/DEF/PHY""}"
WEFUT,115,,FC27,Casparij,85,RB,,,,80,58,73,76,83,71,,,,,,,,,,,,,,,,,,,https://wefut.com/player/latest/27/80,2026-09-08T16:28:17-03:00,"{""listing_offset"":80,""listing_index"":34,""raw_face_stats"":[80,58,73,76,83,71],""raw_face_stat_semantics"":""PAC/SHO/PAS/DRI/DEF/PHY""}"
WEFUT,116,,FC27,James,85,LM,,,,90,81,78,87,40,82,,,,,,,,,,,,,,,,,,,https://wefut.com/player/latest/27/80,2026-09-08T16:28:17-03:00,"{""listing_offset"":80,""listing_index"":35,""raw_face_stats"":[90,81,78,87,40,82],""raw_face_stat_semantics"":""PAC/SHO/PAS/DRI/DEF/PHY""}"
WEFUT,117,,FC27,Thompson,85,LM,,,,93,81,78,83,47,67,,,,,,,,,,,,,,,,,,,https://wefut.com/player/latest/27/80,2026-09-08T16:28:17-03:00,"{""listing_offset"":80,""listing_index"":36,""raw_face_stats"":[93,81,78,83,47,67],""raw_face_stat_semantics"":""PAC/SHO/PAS/DRI/DEF/PHY""}"
WEFUT,118,,FC27,Hegerberg,85,ST,,,,71,85,76,82,39,79,,,,,,,,,,,,,,,,,,,https://wefut.com/player/latest/27/80,2026-09-08T16:28:17-03:00,"{""listing_offset"":80,""listing_index"":37,""raw_face_stats"":[71,85,76,82,39,79],""raw_face_stat_semantics"":""PAC/SHO/PAS/DRI/DEF/PHY""}"
WEFUT,119,,FC27,Mateo,85,ST,,,,87,85,80,85,56,77,,,,,,,,,,,,,,,,,,,https://wefut.com/player/latest/27/80,2026-09-08T16:28:17-03:00,"{""listing_offset"":80,""listing_index"":38,""raw_face_stats"":[87,85,80,85,56,77],""raw_face_stat_semantics"":""PAC/SHO/PAS/DRI/DEF/PHY""}"
WEFUT,120,,FC27,Endler,85,GK,,,,,,,,,,84,80,83,85,42,86,,,,,,,,,,,,,https://wefut.com/player/latest/27/80,2026-09-08T16:28:17-03:00,"{""listing_offset"":80,""listing_index"":39,""raw_face_stats"":[84,80,83,85,42,86],""raw_face_stat_semantics"":""DIV/HAN/KIC/REF/SPE/POS""}"
WEFUT,121,,FC27,Kerr,85,ST,,,,79,85,74,86,41,80,,,,,,,,,,,,,,,,,,,https://wefut.com/player/latest/27/120,2026-09-08T16:28:17-03:00,"{""listing_offset"":120,""listing_index"":0,""raw_face_stats"":[79,85,74,86,41,80],""raw_face_stat_semantics"":""PAC/SHO/PAS/DRI/DEF/PHY""}"
WEFUT,122,,FC27,Dali,85,CDM,,,,75,79,84,86,80,78,,,,,,,,,,,,,,,,,,,https://wefut.com/player/latest/27/120,2026-09-08T16:28:17-03:00,"{""listing_offset"":120,""listing_index"":1,""raw_face_stats"":[75,79,84,86,80,78],""raw_face_stat_semantics"":""PAC/SHO/PAS/DRI/DEF/PHY""}"
WEFUT,123,,FC27,Swanson,85,LM,,,,84,80,82,83,42,58,,,,,,,,,,,,,,,,,,,https://wefut.com/player/latest/27/120,2026-09-08T16:28:17-03:00,"{""listing_offset"":120,""listing_index"":2,""raw_face_stats"":[84,80,82,83,42,58],""raw_face_stat_semantics"":""PAC/SHO/PAS/DRI/DEF/PHY""}"
WEFUT,124,,FC27,Lorena,85,GK,,,,,,,,,,80,84,78,86,29,84,,,,,,,,,,,,,https://wefut.com/player/latest/27/120,2026-09-08T16:28:17-03:00,"{""listing_offset"":120,""listing_index"":3,""raw_face_stats"":[80,84,78,86,29,84],""raw_face_stat_semantics"":""DIV/HAN/KIC/REF/SPE/POS""}"
WEFUT,125,,FC27,Kerolin Nicoli,85,RM,,,,85,78,81,84,43,77,,,,,,,,,,,,,,,,,,,https://wefut.com/player/latest/27/120,2026-09-08T16:28:17-03:00,"{""listing_offset"":120,""listing_index"":4,""raw_face_stats"":[85,78,81,84,43,77],""raw_face_stat_semantics"":""PAC/SHO/PAS/DRI/DEF/PHY""}"
WEFUT,126,,FC27,Cata Coll,85,GK,,,,,,,,,,82,81,76,87,53,82,,,,,,,,,,,,,https://wefut.com/player/latest/27/120,2026-09-08T16:28:17-03:00,"{""listing_offset"":120,""listing_index"":5,""raw_face_stats"":[82,81,76,87,53,82],""raw_face_stat_semantics"":""DIV/HAN/KIC/REF/SPE/POS""}"
WEFUT,127,,FC27,Caicedo,85,LW,,,,93,75,78,89,37,68,,,,,,,,,,,,,,,,,,,https://wefut.com/player/latest/27/120,2026-09-08T16:28:17-03:00,"{""listing_offset"":120,""listing_index"":6,""raw_face_stats"":[93,75,78,89,37,68],""raw_face_stat_semantics"":""PAC/SHO/PAS/DRI/DEF/PHY""}"
WEFUT,128,,FC27,Xhaka,85,CDM,,,,45,75,85,74,78,81,,,,,,,,,,,,,,,,,,,https://wefut.com/player/latest/27/120,2026-09-08T16:28:17-03:00,"{""listing_offset"":120,""listing_index"":7,""raw_face_stats"":[45,75,85,74,78,81],""raw_face_stat_semantics"":""PAC/SHO/PAS/DRI/DEF/PHY""}"
WEFUT,129,,FC27,Martínez,85,GK,,,,,,,,,,83,81,82,85,50,85,,,,,,,,,,,,,https://wefut.com/player/latest/27/120,2026-09-08T16:28:17-03:00,"{""listing_offset"":120,""listing_index"":8,""raw_face_stats"":[83,81,82,85,50,85],""raw_face_stat_semantics"":""DIV/HAN/KIC/REF/SPE/POS""}"
WEFUT,130,,FC27,Pickford,85,GK,,,,,,,,,,84,80,89,87,57,82,,,,,,,,,,,,,https://wefut.com/player/latest/27/120,2026-09-08T16:28:17-03:00,"{""listing_offset"":120,""listing_index"":9,""raw_face_stats"":[84,80,89,87,57,82],""raw_face_stat_semantics"":""DIV/HAN/KIC/REF/SPE/POS""}"
WEFUT,131,,FC27,Tielemans,85,CM,,,,53,79,85,80,76,70,,,,,,,,,,,,,,,,,,,https://wefut.com/player/latest/27/120,2026-09-08T16:28:17-03:00,"{""listing_offset"":120,""listing_index"":10,""raw_face_stats"":[53,79,85,80,76,70],""raw_face_stat_semantics"":""PAC/SHO/PAS/DRI/DEF/PHY""}"
WEFUT,132,,FC27,Tonali,85,CDM,,,,79,74,82,80,81,84,,,,,,,,,,,,,,,,,,,https://wefut.com/player/latest/27/120,2026-09-08T16:28:17-03:00,"{""listing_offset"":120,""listing_index"":11,""raw_face_stats"":[79,74,82,80,81,84],""raw_face_stat_semantics"":""PAC/SHO/PAS/DRI/DEF/PHY""}"
WEFUT,133,,FC27,Guéhi,85,CB,,,,69,46,70,72,85,82,,,,,,,,,,,,,,,,,,,https://wefut.com/player/latest/27/120,2026-09-08T16:28:17-03:00,"{""listing_offset"":120,""listing_index"":12,""raw_face_stats"":[69,46,70,72,85,82],""raw_face_stat_semantics"":""PAC/SHO/PAS/DRI/DEF/PHY""}"
WEFUT,134,,FC27,Semenyo,85,RW,,,,82,85,79,84,46,80,,,,,,,,,,,,,,,,,,,https://wefut.com/player/latest/27/120,2026-09-08T16:28:17-03:00,"{""listing_offset"":120,""listing_index"":13,""raw_face_stats"":[82,85,79,84,46,80],""raw_face_stat_semantics"":""PAC/SHO/PAS/DRI/DEF/PHY""}"
WEFUT,135,,FC27,Gravenberch,85,CDM,,,,79,76,81,83,80,80,,,,,,,,,,,,,,,,,,,https://wefut.com/player/latest/27/120,2026-09-08T16:28:17-03:00,"{""listing_offset"":120,""listing_index"":14,""raw_face_stats"":[79,76,81,83,80,80],""raw_face_stat_semantics"":""PAC/SHO/PAS/DRI/DEF/PHY""}"
WEFUT,136,,FC27,Gvardiol,85,CB,,,,78,70,76,77,85,82,,,,,,,,,,,,,,,,,,,https://wefut.com/player/latest/27/120,2026-09-08T16:28:17-03:00,"{""listing_offset"":120,""listing_index"":15,""raw_face_stats"":[78,70,76,77,85,82],""raw_face_stat_semantics"":""PAC/SHO/PAS/DRI/DEF/PHY""}"
WEFUT,137,,FC27,Ekitiké,85,ST,,,,86,83,72,84,33,73,,,,,,,,,,,,,,,,,,,https://wefut.com/player/latest/27/120,2026-09-08T16:28:17-03:00,"{""listing_offset"":120,""listing_index"":16,""raw_face_stats"":[86,83,72,84,33,73],""raw_face_stat_semantics"":""PAC/SHO/PAS/DRI/DEF/PHY""}"
WEFUT,138,,FC27,Palmer,85,CAM,,,,75,83,85,85,50,64,,,,,,,,,,,,,,,,,,,https://wefut.com/player/latest/27/120,2026-09-08T16:28:17-03:00,"{""listing_offset"":120,""listing_index"":17,""raw_face_stats"":[75,83,85,85,50,64],""raw_face_stat_semantics"":""PAC/SHO/PAS/DRI/DEF/PHY""}"
WEFUT,139,,FC27,Barcola,85,LW,,,,92,76,78,84,39,67,,,,,,,,,,,,,,,,,,,https://wefut.com/player/latest/27/120,2026-09-08T16:28:17-03:00,"{""listing_offset"":120,""listing_index"":18,""raw_face_stats"":[92,76,78,84,39,67],""raw_face_stat_semantics"":""PAC/SHO/PAS/DRI/DEF/PHY""}"
WEFUT,140,,FC27,Guirassy,85,ST,,,,72,85,75,81,45,83,,,,,,,,,,,,,,,,,,,https://wefut.com/player/latest/27/120,2026-09-08T16:28:17-03:00,"{""listing_offset"":120,""listing_index"":19,""raw_face_stats"":[72,85,75,81,45,83],""raw_face_stat_semantics"":""PAC/SHO/PAS/DRI/DEF/PHY""}"
WEFUT,141,,FC27,Laimer,85,RB,,,,86,69,78,77,81,77,,,,,,,,,,,,,,,,,,,https://wefut.com/player/latest/27/120,2026-09-08T16:28:17-03:00,"{""listing_offset"":120,""listing_index"":20,""raw_face_stats"":[86,69,78,77,81,77],""raw_face_stat_semantics"":""PAC/SHO/PAS/DRI/DEF/PHY""}"
WEFUT,142,,FC27,Undav,85,ST,,,,67,86,76,83,33,81,,,,,,,,,,,,,,,,,,,https://wefut.com/player/latest/27/120,2026-09-08T16:28:17-03:00,"{""listing_offset"":120,""listing_index"":21,""raw_face_stats"":[67,86,76,83,33,81],""raw_face_stat_semantics"":""PAC/SHO/PAS/DRI/DEF/PHY""}"
WEFUT,143,,FC27,Nmecha,85,CM,,,,83,78,78,84,82,88,,,,,,,,,,,,,,,,,,,https://wefut.com/player/latest/27/120,2026-09-08T16:28:17-03:00,"{""listing_offset"":120,""listing_index"":22,""raw_face_stats"":[83,78,78,84,82,88],""raw_face_stat_semantics"":""PAC/SHO/PAS/DRI/DEF/PHY""}"
WEFUT,144,,FC27,Modrić,85,CM,,,,65,75,87,86,73,59,,,,,,,,,,,,,,,,,,,https://wefut.com/player/latest/27/120,2026-09-08T16:28:17-03:00,"{""listing_offset"":120,""listing_index"":23,""raw_face_stats"":[65,75,87,86,73,59],""raw_face_stat_semantics"":""PAC/SHO/PAS/DRI/DEF/PHY""}"
WEFUT,145,,FC27,De Bruyne,85,CAM,,,,59,82,89,84,66,67,,,,,,,,,,,,,,,,,,,https://wefut.com/player/latest/27/120,2026-09-08T16:28:17-03:00,"{""listing_offset"":120,""listing_index"":24,""raw_face_stats"":[59,82,89,84,66,67],""raw_face_stat_semantics"":""PAC/SHO/PAS/DRI/DEF/PHY""}"
WEFUT,146,,FC27,Çalhanoğlu,85,CDM,,,,68,81,85,82,81,68,,,,,,,,,,,,,,,,,,,https://wefut.com/player/latest/27/120,2026-09-08T16:28:17-03:00,"{""listing_offset"":120,""listing_index"":25,""raw_face_stats"":[68,81,85,82,81,68],""raw_face_stat_semantics"":""PAC/SHO/PAS/DRI/DEF/PHY""}"
WEFUT,147,,FC27,Rabiot,85,CM,,,,81,79,81,81,78,85,,,,,,,,,,,,,,,,,,,https://wefut.com/player/latest/27/120,2026-09-08T16:28:17-03:00,"{""listing_offset"":120,""listing_index"":26,""raw_face_stats"":[81,79,81,81,78,85],""raw_face_stat_semantics"":""PAC/SHO/PAS/DRI/DEF/PHY""}"
WEFUT,148,,FC27,Dybala,85,CAM,,,,77,84,85,86,42,62,,,,,,,,,,,,,,,,,,,https://wefut.com/player/latest/27/120,2026-09-08T16:28:17-03:00,"{""listing_offset"":120,""listing_index"":27,""raw_face_stats"":[77,84,85,86,42,62],""raw_face_stat_semantics"":""PAC/SHO/PAS/DRI/DEF/PHY""}"
WEFUT,149,,FC27,Thuram,85,ST,,,,86,83,75,81,50,81,,,,,,,,,,,,,,,,,,,https://wefut.com/player/latest/27/120,2026-09-08T16:28:17-03:00,"{""listing_offset"":120,""listing_index"":28,""raw_face_stats"":[86,83,75,81,50,81],""raw_face_stat_semantics"":""PAC/SHO/PAS/DRI/DEF/PHY""}"
WEFUT,150,,FC27,Svilar,85,GK,,,,,,,,,,79,81,78,86,58,85,,,,,,,,,,,,,https://wefut.com/player/latest/27/120,2026-09-08T16:28:17-03:00,"{""listing_offset"":120,""listing_index"":29,""raw_face_stats"":[79,81,78,86,58,85],""raw_face_stat_semantics"":""DIV/HAN/KIC/REF/SPE/POS""}"
WEFUT,151,,FC27,Grimaldo,85,LM,,,,73,77,87,85,72,65,,,,,,,,,,,,,,,,,,,https://wefut.com/player/latest/27/120,2026-09-08T16:28:17-03:00,"{""listing_offset"":120,""listing_index"":30,""raw_face_stats"":[73,77,87,85,72,65],""raw_face_stat_semantics"":""PAC/SHO/PAS/DRI/DEF/PHY""}"
WEFUT,152,,FC27,Marcos Llorente,85,RB,,,,91,79,80,82,79,83,,,,,,,,,,,,,,,,,,,https://wefut.com/player/latest/27/120,2026-09-08T16:28:17-03:00,"{""listing_offset"":120,""listing_index"":31,""raw_face_stats"":[91,79,80,82,79,83],""raw_face_stat_semantics"":""PAC/SHO/PAS/DRI/DEF/PHY""}"
WEFUT,153,,FC27,Unai Simón,85,GK,,,,,,,,,,84,81,76,85,49,82,,,,,,,,,,,,,https://wefut.com/player/latest/27/120,2026-09-08T16:28:17-03:00,"{""listing_offset"":120,""listing_index"":32,""raw_face_stats"":[84,81,76,85,49,82],""raw_face_stat_semantics"":""DIV/HAN/KIC/REF/SPE/POS""}"
WEFUT,154,,FC27,Koundé,85,RB,,,,82,53,74,78,83,83,,,,,,,,,,,,,,,,,,,https://wefut.com/player/latest/27/120,2026-09-08T16:28:17-03:00,"{""listing_offset"":120,""listing_index"":33,""raw_face_stats"":[82,53,74,78,83,83],""raw_face_stat_semantics"":""PAC/SHO/PAS/DRI/DEF/PHY""}"
WEFUT,155,,FC27,Eric García,85,CB,,,,79,58,77,76,86,82,,,,,,,,,,,,,,,,,,,https://wefut.com/player/latest/27/120,2026-09-08T16:28:17-03:00,"{""listing_offset"":120,""listing_index"":34,""raw_face_stats"":[79,58,77,76,86,82],""raw_face_stat_semantics"":""PAC/SHO/PAS/DRI/DEF/PHY""}"
WEFUT,156,,FC27,Fermín,85,CAM,,,,81,84,80,84,63,72,,,,,,,,,,,,,,,,,,,https://wefut.com/player/latest/27/120,2026-09-08T16:28:17-03:00,"{""listing_offset"":120,""listing_index"":35,""raw_face_stats"":[81,84,80,84,63,72],""raw_face_stat_semantics"":""PAC/SHO/PAS/DRI/DEF/PHY""}"
WEFUT,157,,FC27,Osimhen,85,ST,,,,89,84,65,78,51,86,,,,,,,,,,,,,,,,,,,https://wefut.com/player/latest/27/120,2026-09-08T16:28:17-03:00,"{""listing_offset"":120,""listing_index"":36,""raw_face_stats"":[89,84,65,78,51,86],""raw_face_stat_semantics"":""PAC/SHO/PAS/DRI/DEF/PHY""}"
WEFUT,158,,FC27,Rúben Neves,85,CDM,,,,60,75,87,79,78,80,,,,,,,,,,,,,,,,,,,https://wefut.com/player/latest/27/120,2026-09-08T16:28:17-03:00,"{""listing_offset"":120,""listing_index"":37,""raw_face_stats"":[60,75,87,79,78,80],""raw_face_stat_semantics"":""PAC/SHO/PAS/DRI/DEF/PHY""}"
WEFUT,17179,,FC27,Schüller,85,ST,,,,88,82,71,82,33,73,,,,,,,,,,,,,,,,,,,https://wefut.com/player/latest/27/120,2026-09-08T16:28:17-03:00,"{""listing_offset"":120,""listing_index"":38,""raw_face_stats"":[88,82,71,82,33,73],""raw_face_stat_semantics"":""PAC/SHO/PAS/DRI/DEF/PHY""}"
WEFUT,17180,,FC27,Le Tissier,85,CB,,,,84,60,74,73,86,79,,,,,,,,,,,,,,,,,,,https://wefut.com/player/latest/27/120,2026-09-08T16:28:17-03:00,"{""listing_offset"":120,""listing_index"":39,""raw_face_stats"":[84,60,74,73,86,79],""raw_face_stat_semantics"":""PAC/SHO/PAS/DRI/DEF/PHY""}"
WEFUT,17181,,FC27,Park,85,RM,,,,83,76,80,87,64,65,,,,,,,,,,,,,,,,,,,https://wefut.com/player/latest/27/160,2026-09-08T16:28:17-03:00,"{""listing_offset"":160,""listing_index"":0,""raw_face_stats"":[83,76,80,87,64,65],""raw_face_stat_semantics"":""PAC/SHO/PAS/DRI/DEF/PHY""}"
WEFUT,17182,,FC27,Roord,85,CM,,,,75,83,85,84,65,74,,,,,,,,,,,,,,,,,,,https://wefut.com/player/latest/27/160,2026-09-08T16:28:17-03:00,"{""listing_offset"":160,""listing_index"":1,""raw_face_stats"":[75,83,85,84,65,74],""raw_face_stat_semantics"":""PAC/SHO/PAS/DRI/DEF/PHY""}"
WEFUT,17183,,FC27,Giugliano,85,CM,,,,81,80,83,86,72,74,,,,,,,,,,,,,,,,,,,https://wefut.com/player/latest/27/160,2026-09-08T16:28:17-03:00,"{""listing_offset"":160,""listing_index"":2,""raw_face_stats"":[81,80,83,86,72,74],""raw_face_stat_semantics"":""PAC/SHO/PAS/DRI/DEF/PHY""}"
WEFUT,159,,FC27,Dallmann,84,RM,,,,77,76,80,87,46,58,,,,,,,,,,,,,,,,,,,https://wefut.com/player/latest/27/160,2026-09-08T16:28:17-03:00,"{""listing_offset"":160,""listing_index"":3,""raw_face_stats"":[77,76,80,87,46,58],""raw_face_stat_semantics"":""PAC/SHO/PAS/DRI/DEF/PHY""}"
WEFUT,160,,FC27,Gilles,84,CB,,,,57,38,54,55,86,80,,,,,,,,,,,,,,,,,,,https://wefut.com/player/latest/27/160,2026-09-08T16:28:17-03:00,"{""listing_offset"":160,""listing_index"":4,""raw_face_stats"":[57,38,54,55,86,80],""raw_face_stat_semantics"":""PAC/SHO/PAS/DRI/DEF/PHY""}"
WEFUT,161,,FC27,Gwinn,84,RB,,,,84,68,79,84,82,70,,,,,,,,,,,,,,,,,,,https://wefut.com/player/latest/27/160,2026-09-08T16:28:17-03:00,"{""listing_offset"":160,""listing_index"":5,""raw_face_stats"":[84,68,79,84,82,70],""raw_face_stat_semantics"":""PAC/SHO/PAS/DRI/DEF/PHY""}"
WEFUT,162,,FC27,Oberdorf,84,CDM,,,,60,62,77,74,85,84,,,,,,,,,,,,,,,,,,,https://wefut.com/player/latest/27/160,2026-09-08T16:28:17-03:00,"{""listing_offset"":160,""listing_index"":6,""raw_face_stats"":[60,62,77,74,85,84],""raw_face_stat_semantics"":""PAC/SHO/PAS/DRI/DEF/PHY""}"
WEFUT,163,,FC27,Freigang,84,CAM,,,,84,82,76,83,37,80,,,,,,,,,,,,,,,,,,,https://wefut.com/player/latest/27/160,2026-09-08T16:28:17-03:00,"{""listing_offset"":160,""listing_index"":7,""raw_face_stats"":[84,82,76,83,37,80],""raw_face_stat_semantics"":""PAC/SHO/PAS/DRI/DEF/PHY""}"
WEFUT,164,,FC27,Viggósdóttir,84,CB,,,,73,54,70,61,86,83,,,,,,,,,,,,,,,,,,,https://wefut.com/player/latest/27/160,2026-09-08T16:28:17-03:00,"{""listing_offset"":160,""listing_index"":8,""raw_face_stats"":[73,54,70,61,86,83],""raw_face_stat_semantics"":""PAC/SHO/PAS/DRI/DEF/PHY""}"
WEFUT,165,,FC27,Minge,84,CDM,,,,70,79,80,81,80,81,,,,,,,,,,,,,,,,,,,https://wefut.com/player/latest/27/160,2026-09-08T16:28:17-03:00,"{""listing_offset"":160,""listing_index"":9,""raw_face_stats"":[70,79,80,81,80,81],""raw_face_stat_semantics"":""PAC/SHO/PAS/DRI/DEF/PHY""}"
WEFUT,166,,FC27,Catley,84,CB,,,,81,66,80,80,84,83,,,,,,,,,,,,,,,,,,,https://wefut.com/player/latest/27/160,2026-09-08T16:28:17-03:00,"{""listing_offset"":160,""listing_index"":10,""raw_face_stats"":[81,66,80,80,84,83],""raw_face_stat_semantics"":""PAC/SHO/PAS/DRI/DEF/PHY""}"
WEFUT,167,,FC27,Geyoro,84,CM,,,,89,72,80,82,82,78,,,,,,,,,,,,,,,,,,,https://wefut.com/player/latest/27/160,2026-09-08T16:28:17-03:00,"{""listing_offset"":160,""listing_index"":11,""raw_face_stats"":[89,72,80,82,82,78],""raw_face_stat_semantics"":""PAC/SHO/PAS/DRI/DEF/PHY""}"
WEFUT,168,,FC27,Mead,84,RM,,,,83,84,82,84,67,73,,,,,,,,,,,,,,,,,,,https://wefut.com/player/latest/27/160,2026-09-08T16:28:17-03:00,"{""listing_offset"":160,""listing_index"":12,""raw_face_stats"":[83,84,82,84,67,73],""raw_face_stat_semantics"":""PAC/SHO/PAS/DRI/DEF/PHY""}"
WEFUT,169,,FC27,Yamashita,84,GK,,,,,,,,,,84,85,80,83,19,81,,,,,,,,,,,,,https://wefut.com/player/latest/27/160,2026-09-08T16:28:17-03:00,"{""listing_offset"":160,""listing_index"":13,""raw_face_stats"":[84,85,80,83,19,81],""raw_face_stat_semantics"":""DIV/HAN/KIC/REF/SPE/POS""}"
WEFUT,170,,FC27,Little,84,CDM,,,,76,75,85,89,78,69,,,,,,,,,,,,,,,,,,,https://wefut.com/player/latest/27/160,2026-09-08T16:28:17-03:00,"{""listing_offset"":160,""listing_index"":14,""raw_face_stats"":[76,75,85,89,78,69],""raw_face_stat_semantics"":""PAC/SHO/PAS/DRI/DEF/PHY""}"
WEFUT,171,,FC27,Malard,84,LM,,,,87,82,79,84,41,69,,,,,,,,,,,,,,,,,,,https://wefut.com/player/latest/27/160,2026-09-08T16:28:17-03:00,"{""listing_offset"":160,""listing_index"":15,""raw_face_stats"":[87,82,79,84,41,69],""raw_face_stat_semantics"":""PAC/SHO/PAS/DRI/DEF/PHY""}"
WEFUT,172,,FC27,Reuteler,84,CM,,,,90,82,81,85,64,78,,,,,,,,,,,,,,,,,,,https://wefut.com/player/latest/27/160,2026-09-08T16:28:17-03:00,"{""listing_offset"":160,""listing_index"":16,""raw_face_stats"":[90,82,81,85,64,78],""raw_face_stat_semantics"":""PAC/SHO/PAS/DRI/DEF/PHY""}"
WEFUT,173,,FC27,Anyomi,84,ST,,,,90,82,74,84,55,83,,,,,,,,,,,,,,,,,,,https://wefut.com/player/latest/27/160,2026-09-08T16:28:17-03:00,"{""listing_offset"":160,""listing_index"":17,""raw_face_stats"":[90,82,74,84,55,83],""raw_face_stat_semantics"":""PAC/SHO/PAS/DRI/DEF/PHY""}"
WEFUT,174,,FC27,Cerci,84,ST,,,,82,84,75,82,53,80,,,,,,,,,,,,,,,,,,,https://wefut.com/player/latest/27/160,2026-09-08T16:28:17-03:00,"{""listing_offset"":160,""listing_index"":18,""raw_face_stats"":[82,84,75,82,53,80],""raw_face_stat_semantics"":""PAC/SHO/PAS/DRI/DEF/PHY""}"
WEFUT,175,,FC27,Girma,84,CB,,,,80,51,70,74,85,79,,,,,,,,,,,,,,,,,,,https://wefut.com/player/latest/27/160,2026-09-08T16:28:17-03:00,"{""listing_offset"":160,""listing_index"":19,""raw_face_stats"":[80,51,70,74,85,79],""raw_face_stat_semantics"":""PAC/SHO/PAS/DRI/DEF/PHY""}"
WEFUT,176,,FC27,Renard,84,CB,,,,48,62,70,69,86,84,,,,,,,,,,,,,,,,,,,https://wefut.com/player/latest/27/160,2026-09-08T16:28:17-03:00,"{""listing_offset"":160,""listing_index"":20,""raw_face_stats"":[48,62,70,69,86,84],""raw_face_stat_semantics"":""PAC/SHO/PAS/DRI/DEF/PHY""}"
WEFUT,177,,FC27,Engen,84,CB,,,,72,61,80,74,85,81,,,,,,,,,,,,,,,,,,,https://wefut.com/player/latest/27/160,2026-09-08T16:28:17-03:00,"{""listing_offset"":160,""listing_index"":21,""raw_face_stats"":[72,61,80,74,85,81],""raw_face_stat_semantics"":""PAC/SHO/PAS/DRI/DEF/PHY""}"
WEFUT,178,,FC27,Brand,84,LW,,,,91,75,79,83,56,74,,,,,,,,,,,,,,,,,,,https://wefut.com/player/latest/27/160,2026-09-08T16:28:17-03:00,"{""listing_offset"":160,""listing_index"":22,""raw_face_stats"":[91,75,79,83,56,74],""raw_face_stat_semantics"":""PAC/SHO/PAS/DRI/DEF/PHY""}"
WEFUT,179,,FC27,Damaris Egurrola,84,CDM,,,,62,71,82,80,81,82,,,,,,,,,,,,,,,,,,,https://wefut.com/player/latest/27/160,2026-09-08T16:28:17-03:00,"{""listing_offset"":160,""listing_index"":23,""raw_face_stats"":[62,71,82,80,81,82],""raw_face_stat_semantics"":""PAC/SHO/PAS/DRI/DEF/PHY""}"
WEFUT,180,,FC27,Marta,84,CAM,,,,69,84,83,87,44,67,,,,,,,,,,,,,,,,,,,https://wefut.com/player/latest/27/160,2026-09-08T16:28:17-03:00,"{""listing_offset"":160,""listing_index"":24,""raw_face_stats"":[69,84,83,87,44,67],""raw_face_stat_semantics"":""PAC/SHO/PAS/DRI/DEF/PHY""}"
WEFUT,181,,FC27,Sanchez,84,LW,,,,86,79,81,83,38,60,,,,,,,,,,,,,,,,,,,https://wefut.com/player/latest/27/160,2026-09-08T16:28:17-03:00,"{""listing_offset"":160,""listing_index"":25,""raw_face_stats"":[86,79,81,83,38,60],""raw_face_stat_semantics"":""PAC/SHO/PAS/DRI/DEF/PHY""}"
WEFUT,182,,FC27,Flint,84,CDM,,,,71,75,75,78,84,91,,,,,,,,,,,,,,,,,,,https://wefut.com/player/latest/27/160,2026-09-08T16:28:17-03:00,"{""listing_offset"":160,""listing_index"":26,""raw_face_stats"":[71,75,75,78,84,91],""raw_face_stat_semantics"":""PAC/SHO/PAS/DRI/DEF/PHY""}"
WEFUT,183,,FC27,Athenea,84,RW,,,,90,78,77,85,25,75,,,,,,,,,,,,,,,,,,,https://wefut.com/player/latest/27/160,2026-09-08T16:28:17-03:00,"{""listing_offset"":160,""listing_index"":27,""raw_face_stats"":[90,78,77,85,25,75],""raw_face_stat_semantics"":""PAC/SHO/PAS/DRI/DEF/PHY""}"
WEFUT,184,,FC27,Brugts,84,LB,,,,87,73,79,81,80,74,,,,,,,,,,,,,,,,,,,https://wefut.com/player/latest/27/160,2026-09-08T16:28:17-03:00,"{""listing_offset"":160,""listing_index"":28,""raw_face_stats"":[87,73,79,81,80,74],""raw_face_stat_semantics"":""PAC/SHO/PAS/DRI/DEF/PHY""}"
WEFUT,185,,FC27,Vicky López,84,RW,,,,85,80,81,86,47,60,,,,,,,,,,,,,,,,,,,https://wefut.com/player/latest/27/160,2026-09-08T16:28:17-03:00,"{""listing_offset"":160,""listing_index"":29,""raw_face_stats"":[85,80,81,86,47,60],""raw_face_stat_semantics"":""PAC/SHO/PAS/DRI/DEF/PHY""}"
WEFUT,186,,FC27,Fiamma Benítez,84,CAM,,,,83,76,81,83,60,77,,,,,,,,,,,,,,,,,,,https://wefut.com/player/latest/27/160,2026-09-08T16:28:17-03:00,"{""listing_offset"":160,""listing_index"":30,""raw_face_stats"":[83,76,81,83,60,77],""raw_face_stat_semantics"":""PAC/SHO/PAS/DRI/DEF/PHY""}"
WEFUT,187,,FC27,Sommer,84,GK,,,,,,,,,,80,82,83,85,50,84,,,,,,,,,,,,,https://wefut.com/player/latest/27/160,2026-09-08T16:28:17-03:00,"{""listing_offset"":160,""listing_index"":31,""raw_face_stats"":[80,82,83,85,50,84],""raw_face_stat_semantics"":""DIV/HAN/KIC/REF/SPE/POS""}"
WEFUT,188,,FC27,Konsa,84,CB,,,,71,55,72,75,86,80,,,,,,,,,,,,,,,,,,,https://wefut.com/player/latest/27/160,2026-09-08T16:28:17-03:00,"{""listing_offset"":160,""listing_index"":32,""raw_face_stats"":[71,55,72,75,86,80],""raw_face_stat_semantics"":""PAC/SHO/PAS/DRI/DEF/PHY""}"
WEFUT,189,,FC27,Eze,84,CAM,,,,74,80,82,87,57,68,,,,,,,,,,,,,,,,,,,https://wefut.com/player/latest/27/160,2026-09-08T16:28:17-03:00,"{""listing_offset"":160,""listing_index"":33,""raw_face_stats"":[74,80,82,87,57,68],""raw_face_stat_semantics"":""PAC/SHO/PAS/DRI/DEF/PHY""}"
WEFUT,190,,FC27,Kamara,84,CDM,,,,64,56,78,78,83,78,,,,,,,,,,,,,,,,,,,https://wefut.com/player/latest/27/160,2026-09-08T16:28:17-03:00,"{""listing_offset"":160,""listing_index"":34,""raw_face_stats"":[64,56,78,78,83,78],""raw_face_stat_semantics"":""PAC/SHO/PAS/DRI/DEF/PHY""}"
WEFUT,191,,FC27,Foden,84,CAM,,,,77,82,82,88,57,53,,,,,,,,,,,,,,,,,,,https://wefut.com/player/latest/27/160,2026-09-08T16:28:17-03:00,"{""listing_offset"":160,""listing_index"":35,""raw_face_stats"":[77,82,82,88,57,53],""raw_face_stat_semantics"":""PAC/SHO/PAS/DRI/DEF/PHY""}"
WEFUT,192,,FC27,James,84,RB,,,,76,71,83,78,83,82,,,,,,,,,,,,,,,,,,,https://wefut.com/player/latest/27/160,2026-09-08T16:28:17-03:00,"{""listing_offset"":160,""listing_index"":36,""raw_face_stats"":[76,71,83,78,83,82],""raw_face_stat_semantics"":""PAC/SHO/PAS/DRI/DEF/PHY""}"
WEFUT,193,,FC27,Mac Allister,84,CM,,,,61,81,83,82,77,74,,,,,,,,,,,,,,,,,,,https://wefut.com/player/latest/27/160,2026-09-08T16:28:17-03:00,"{""listing_offset"":160,""listing_index"":37,""raw_face_stats"":[61,81,83,82,77,74],""raw_face_stat_semantics"":""PAC/SHO/PAS/DRI/DEF/PHY""}"
WEFUT,194,,FC27,Matheus Cunha,84,LM,,,,77,86,79,84,44,73,,,,,,,,,,,,,,,,,,,https://wefut.com/player/latest/27/160,2026-09-08T16:28:17-03:00,"{""listing_offset"":160,""listing_index"":38,""raw_face_stats"":[77,86,79,84,44,73],""raw_face_stat_semantics"":""PAC/SHO/PAS/DRI/DEF/PHY""}"
WEFUT,195,,FC27,Reijnders,84,CM,,,,75,78,81,83,71,76,,,,,,,,,,,,,,,,,,,https://wefut.com/player/latest/27/160,2026-09-08T16:28:17-03:00,"{""listing_offset"":160,""listing_index"":39,""raw_face_stats"":[75,78,81,83,71,76],""raw_face_stat_semantics"":""PAC/SHO/PAS/DRI/DEF/PHY""}"
WEFUT,196,,FC27,Mbeumo,84,RM,,,,89,83,78,86,49,75,,,,,,,,,,,,,,,,,,,https://wefut.com/player/latest/27/200,2026-09-08T16:28:17-03:00,"{""listing_offset"":200,""listing_index"":0,""raw_face_stats"":[89,83,78,86,49,75],""raw_face_stat_semantics"":""PAC/SHO/PAS/DRI/DEF/PHY""}"
WEFUT,197,,FC27,Doku,84,LW,,,,91,75,78,88,40,72,,,,,,,,,,,,,,,,,,,https://wefut.com/player/latest/27/200,2026-09-08T16:28:17-03:00,"{""listing_offset"":200,""listing_index"":1,""raw_face_stats"":[91,75,78,88,40,72],""raw_face_stat_semantics"":""PAC/SHO/PAS/DRI/DEF/PHY""}"
WEFUT,198,,FC27,Zubimendi,84,CDM,,,,65,71,82,80,80,75,,,,,,,,,,,,,,,,,,,https://wefut.com/player/latest/27/200,2026-09-08T16:28:17-03:00,"{""listing_offset"":200,""listing_index"":2,""raw_face_stats"":[65,71,82,80,80,75],""raw_face_stat_semantics"":""PAC/SHO/PAS/DRI/DEF/PHY""}"
WEFUT,199,,FC27,Timber,84,RB,,,,76,48,76,78,83,78,,,,,,,,,,,,,,,,,,,https://wefut.com/player/latest/27/200,2026-09-08T16:28:17-03:00,"{""listing_offset"":200,""listing_index"":3,""raw_face_stats"":[76,48,76,78,83,78],""raw_face_stat_semantics"":""PAC/SHO/PAS/DRI/DEF/PHY""}"
WEFUT,200,,FC27,Anderson,84,CDM,,,,68,71,83,82,81,78,,,,,,,,,,,,,,,,,,,https://wefut.com/player/latest/27/200,2026-09-08T16:28:17-03:00,"{""listing_offset"":200,""listing_index"":4,""raw_face_stats"":[68,71,83,82,81,78],""raw_face_stat_semantics"":""PAC/SHO/PAS/DRI/DEF/PHY""}"
WEFUT,201,,FC27,Hincapié,84,LB,,,,83,48,71,72,84,81,,,,,,,,,,,,,,,,,,,https://wefut.com/player/latest/27/200,2026-09-08T16:28:17-03:00,"{""listing_offset"":200,""listing_index"":5,""raw_face_stats"":[83,48,71,72,84,81],""raw_face_stat_semantics"":""PAC/SHO/PAS/DRI/DEF/PHY""}"
WEFUT,202,,FC27,Rogers,84,CAM,,,,76,82,82,84,67,78,,,,,,,,,,,,,,,,,,,https://wefut.com/player/latest/27/200,2026-09-08T16:28:17-03:00,"{""listing_offset"":200,""listing_index"":6,""raw_face_stats"":[76,82,82,84,67,78],""raw_face_stat_semantics"":""PAC/SHO/PAS/DRI/DEF/PHY""}"
WEFUT,203,,FC27,Diomande,84,RW,,,,93,77,75,87,47,70,,,,,,,,,,,,,,,,,,,https://wefut.com/player/latest/27/200,2026-09-08T16:28:17-03:00,"{""listing_offset"":200,""listing_index"":7,""raw_face_stats"":[93,77,75,87,47,70],""raw_face_stat_semantics"":""PAC/SHO/PAS/DRI/DEF/PHY""}"
WEFUT,204,,FC27,Baumann,84,GK,,,,,,,,,,85,81,80,84,39,81,,,,,,,,,,,,,https://wefut.com/player/latest/27/200,2026-09-08T16:28:17-03:00,"{""listing_offset"":200,""listing_index"":8,""raw_face_stats"":[85,81,80,84,39,81],""raw_face_stat_semantics"":""DIV/HAN/KIC/REF/SPE/POS""}"
WEFUT,205,,FC27,Aleix García,84,CM,,,,76,75,85,85,75,69,,,,,,,,,,,,,,,,,,,https://wefut.com/player/latest/27/200,2026-09-08T16:28:17-03:00,"{""listing_offset"":200,""listing_index"":9,""raw_face_stats"":[76,75,85,85,75,69],""raw_face_stat_semantics"":""PAC/SHO/PAS/DRI/DEF/PHY""}"
WEFUT,206,,FC27,Anton,84,CB,,,,69,47,68,67,85,85,,,,,,,,,,,,,,,,,,,https://wefut.com/player/latest/27/200,2026-09-08T16:28:17-03:00,"{""listing_offset"":200,""listing_index"":10,""raw_face_stats"":[69,47,68,67,85,85],""raw_face_stat_semantics"":""PAC/SHO/PAS/DRI/DEF/PHY""}"
WEFUT,207,,FC27,Falcone,84,GK,,,,,,,,,,80,79,78,85,27,84,,,,,,,,,,,,,https://wefut.com/player/latest/27/200,2026-09-08T16:28:17-03:00,"{""listing_offset"":200,""listing_index"":11,""raw_face_stats"":[80,79,78,85,27,84],""raw_face_stat_semantics"":""DIV/HAN/KIC/REF/SPE/POS""}"
WEFUT,208,,FC27,Locatelli,84,CDM,,,,56,70,81,75,81,76,,,,,,,,,,,,,,,,,,,https://wefut.com/player/latest/27/200,2026-09-08T16:28:17-03:00,"{""listing_offset"":200,""listing_index"":12,""raw_face_stats"":[56,70,81,75,81,76],""raw_face_stat_semantics"":""PAC/SHO/PAS/DRI/DEF/PHY""}"
WEFUT,209,,FC27,Mancini,84,CB,,,,69,50,61,66,85,82,,,,,,,,,,,,,,,,,,,https://wefut.com/player/latest/27/200,2026-09-08T16:28:17-03:00,"{""listing_offset"":200,""listing_index"":13,""raw_face_stats"":[69,50,61,66,85,82],""raw_face_stat_semantics"":""PAC/SHO/PAS/DRI/DEF/PHY""}"
WEFUT,210,,FC27,Nico Paz,84,CAM,,,,81,78,79,84,54,68,,,,,,,,,,,,,,,,,,,https://wefut.com/player/latest/27/200,2026-09-08T16:28:17-03:00,"{""listing_offset"":200,""listing_index"":14,""raw_face_stats"":[81,78,79,84,54,68],""raw_face_stat_semantics"":""PAC/SHO/PAS/DRI/DEF/PHY""}"
WEFUT,211,,FC27,Yıldız,84,CAM,,,,85,81,79,85,59,70,,,,,,,,,,,,,,,,,,,https://wefut.com/player/latest/27/200,2026-09-08T16:28:17-03:00,"{""listing_offset"":200,""listing_index"":15,""raw_face_stats"":[85,81,79,85,59,70],""raw_face_stat_semantics"":""PAC/SHO/PAS/DRI/DEF/PHY""}"
WEFUT,212,,FC27,Lewandowski,84,ST,,,,67,85,79,80,44,80,,,,,,,,,,,,,,,,,,,https://wefut.com/player/latest/27/200,2026-09-08T16:28:17-03:00,"{""listing_offset"":200,""listing_index"":16,""raw_face_stats"":[67,85,79,80,44,80],""raw_face_stat_semantics"":""PAC/SHO/PAS/DRI/DEF/PHY""}"
WEFUT,213,,FC27,Griezmann,84,ST,,,,72,85,85,87,59,72,,,,,,,,,,,,,,,,,,,https://wefut.com/player/latest/27/200,2026-09-08T16:28:17-03:00,"{""listing_offset"":200,""listing_index"":17,""raw_face_stats"":[72,85,85,87,59,72],""raw_face_stat_semantics"":""PAC/SHO/PAS/DRI/DEF/PHY""}"
WEFUT,214,,FC27,Laporte,84,CB,,,,53,52,76,70,85,79,,,,,,,,,,,,,,,,,,,https://wefut.com/player/latest/27/200,2026-09-08T16:28:17-03:00,"{""listing_offset"":200,""listing_index"":18,""raw_face_stats"":[53,52,76,70,85,79],""raw_face_stat_semantics"":""PAC/SHO/PAS/DRI/DEF/PHY""}"
WEFUT,215,,FC27,Bernardo Silva,84,CM,,,,50,77,84,87,71,65,,,,,,,,,,,,,,,,,,,https://wefut.com/player/latest/27/200,2026-09-08T16:28:17-03:00,"{""listing_offset"":200,""listing_index"":19,""raw_face_stats"":[50,77,84,87,71,65],""raw_face_stat_semantics"":""PAC/SHO/PAS/DRI/DEF/PHY""}"
WEFUT,216,230142,FC27,Oyarzabal,84,ST,[],Gold,,71,86,81,84,45,74,,,,,,,"{""pace"":{""acceleration"":73,""sprint_speed"":70},""shooting"":{""positioning"":87,""finishing"":86,""shot_power"":84,""long_shots"":85,""volleys"":83,""penalties"":92},""passing"":{""vision"":84,""crossing"":78,""free_kick_accuracy"":76,""short_passing"":84,""long_passing"":77,""curve"":81},""dribbling"":{""agility"":77,""balance"":77,""reactions"":87,""ball_control"":85,""dribbling"":84,""composure"":87},""defending"":{""interceptions"":32,""heading_accuracy"":76,""defensive_awareness"":47,""standing_tackle"":47,""sliding_tackle"":30},""physical"":{""jumping"":82,""stamina"":79,""strength"":73,""aggression"":68}}",,,,,,Left,"{""provider_club_id"":null,""name"":""Real Sociedad""}","{""provider_league_id"":""53"",""name"":""LALIGA EA SPORTS""}","{""provider_nation_id"":""45"",""name"":""Spain""}",,,https://wefut.com/player/27/216/oyarzabal,2026-09-08T16:28:17-03:00,"{""listing_offset"":200,""listing_index"":20,""raw_face_stats"":[71,86,81,84,45,74],""raw_face_stat_semantics"":""PAC/SHO/PAS/DRI/DEF/PHY"",""date_of_birth"":""1997-04-21"",""detail_url"":""https://wefut.com/player/27/216/oyarzabal""}"
WEFUT,217,,FC27,Alexander-Arnold,84,RB,,,,75,72,89,80,77,72,,,,,,,,,,,,,,,,,,,https://wefut.com/player/latest/27/200,2026-09-08T16:28:17-03:00,"{""listing_offset"":200,""listing_index"":21,""raw_face_stats"":[75,72,89,80,77,72],""raw_face_stat_semantics"":""PAC/SHO/PAS/DRI/DEF/PHY""}"
WEFUT,218,,FC27,Konaté,84,CB,,,,77,34,65,68,84,85,,,,,,,,,,,,,,,,,,,https://wefut.com/player/latest/27/200,2026-09-08T16:28:17-03:00,"{""listing_offset"":200,""listing_index"":22,""raw_face_stats"":[77,34,65,68,84,85],""raw_face_stat_semantics"":""PAC/SHO/PAS/DRI/DEF/PHY""}"
WEFUT,219,,FC27,Éder Militão,84,CB,,,,79,54,71,72,85,82,,,,,,,,,,,,,,,,,,,https://wefut.com/player/latest/27/200,2026-09-08T16:28:17-03:00,"{""listing_offset"":200,""listing_index"":23,""raw_face_stats"":[79,54,71,72,85,82],""raw_face_stat_semantics"":""PAC/SHO/PAS/DRI/DEF/PHY""}"
WEFUT,220,,FC27,Ferran Torres,84,ST,,,,88,84,78,82,40,74,,,,,,,,,,,,,,,,,,,https://wefut.com/player/latest/27/200,2026-09-08T16:28:17-03:00,"{""listing_offset"":200,""listing_index"":24,""raw_face_stats"":[88,84,78,82,40,74],""raw_face_stat_semantics"":""PAC/SHO/PAS/DRI/DEF/PHY""}"
WEFUT,221,,FC27,Tchouaméni,84,CDM,,,,74,70,79,77,83,82,,,,,,,,,,,,,,,,,,,https://wefut.com/player/latest/27/200,2026-09-08T16:28:17-03:00,"{""listing_offset"":200,""listing_index"":25,""raw_face_stats"":[74,70,79,77,83,82],""raw_face_stat_semantics"":""PAC/SHO/PAS/DRI/DEF/PHY""}"
WEFUT,222,,FC27,Rodrygo,84,LW,,,,87,77,79,87,33,63,,,,,,,,,,,,,,,,,,,https://wefut.com/player/latest/27/200,2026-09-08T16:28:17-03:00,"{""listing_offset"":200,""listing_index"":26,""raw_face_stats"":[87,77,79,87,33,63],""raw_face_stat_semantics"":""PAC/SHO/PAS/DRI/DEF/PHY""}"
WEFUT,223,,FC27,Dani Olmo,84,CAM,,,,74,79,82,85,51,59,,,,,,,,,,,,,,,,,,,https://wefut.com/player/latest/27/200,2026-09-08T16:28:17-03:00,"{""listing_offset"":200,""listing_index"":27,""raw_face_stats"":[74,79,82,85,51,59],""raw_face_stat_semantics"":""PAC/SHO/PAS/DRI/DEF/PHY""}"
WEFUT,224,,FC27,Nico Williams,84,LW,,,,93,77,79,86,37,67,,,,,,,,,,,,,,,,,,,https://wefut.com/player/latest/27/200,2026-09-08T16:28:17-03:00,"{""listing_offset"":200,""listing_index"":28,""raw_face_stats"":[93,77,79,86,37,67],""raw_face_stat_semantics"":""PAC/SHO/PAS/DRI/DEF/PHY""}"
WEFUT,225,,FC27,Cristiano Ronaldo,84,ST,,,,67,88,75,78,33,75,,,,,,,,,,,,,,,,,,,https://wefut.com/player/latest/27/200,2026-09-08T16:28:17-03:00,"{""listing_offset"":200,""listing_index"":29,""raw_face_stats"":[67,88,75,78,33,75],""raw_face_stat_semantics"":""PAC/SHO/PAS/DRI/DEF/PHY""}"
WEFUT,226,,FC27,Milinković-Savić,84,CM,,,,61,79,81,80,77,89,,,,,,,,,,,,,,,,,,,https://wefut.com/player/latest/27/200,2026-09-08T16:28:17-03:00,"{""listing_offset"":200,""listing_index"":30,""raw_face_stats"":[61,79,81,80,77,89],""raw_face_stat_semantics"":""PAC/SHO/PAS/DRI/DEF/PHY""}"
WEFUT,227,,FC27,Quiñones,84,ST,,,,91,83,70,81,37,82,,,,,,,,,,,,,,,,,,,https://wefut.com/player/latest/27/200,2026-09-08T16:28:17-03:00,"{""listing_offset"":200,""listing_index"":31,""raw_face_stats"":[91,83,70,81,37,82],""raw_face_stat_semantics"":""PAC/SHO/PAS/DRI/DEF/PHY""}"
WEFUT,17184,,FC27,Rolfö,84,LM,,,,81,81,81,82,81,81,,,,,,,,,,,,,,,,,,,https://wefut.com/player/latest/27/200,2026-09-08T16:28:17-03:00,"{""listing_offset"":200,""listing_index"":32,""raw_face_stats"":[81,81,81,82,81,81],""raw_face_stat_semantics"":""PAC/SHO/PAS/DRI/DEF/PHY""}"
WEFUT,17185,,FC27,Toone,84,CAM,,,,81,81,81,84,52,64,,,,,,,,,,,,,,,,,,,https://wefut.com/player/latest/27/200,2026-09-08T16:28:17-03:00,"{""listing_offset"":200,""listing_index"":33,""raw_face_stats"":[81,81,81,84,52,64],""raw_face_stat_semantics"":""PAC/SHO/PAS/DRI/DEF/PHY""}"
WEFUT,228,,FC27,Eriksson,83,CB,,,,54,46,72,66,84,82,,,,,,,,,,,,,,,,,,,https://wefut.com/player/latest/27/200,2026-09-08T16:28:17-03:00,"{""listing_offset"":200,""listing_index"":34,""raw_face_stats"":[54,46,72,66,84,82],""raw_face_stat_semantics"":""PAC/SHO/PAS/DRI/DEF/PHY""}"
WEFUT,229,,FC27,Bussy,83,LW,,,,87,79,77,85,43,58,,,,,,,,,,,,,,,,,,,https://wefut.com/player/latest/27/200,2026-09-08T16:28:17-03:00,"{""listing_offset"":200,""listing_index"":35,""raw_face_stats"":[87,79,77,85,43,58],""raw_face_stat_semantics"":""PAC/SHO/PAS/DRI/DEF/PHY""}"
WEFUT,230,,FC27,Fudalla,83,ST,,,,86,85,78,80,55,73,,,,,,,,,,,,,,,,,,,https://wefut.com/player/latest/27/200,2026-09-08T16:28:17-03:00,"{""listing_offset"":200,""listing_index"":36,""raw_face_stats"":[86,85,78,80,55,73],""raw_face_stat_semantics"":""PAC/SHO/PAS/DRI/DEF/PHY""}"
WEFUT,231,,FC27,Caruso,83,CM,,,,74,80,82,87,71,72,,,,,,,,,,,,,,,,,,,https://wefut.com/player/latest/27/200,2026-09-08T16:28:17-03:00,"{""listing_offset"":200,""listing_index"":37,""raw_face_stats"":[74,80,82,87,71,72],""raw_face_stat_semantics"":""PAC/SHO/PAS/DRI/DEF/PHY""}"
WEFUT,232,,FC27,Edna Imade,83,ST,,,,76,83,65,77,45,80,,,,,,,,,,,,,,,,,,,https://wefut.com/player/latest/27/200,2026-09-08T16:28:17-03:00,"{""listing_offset"":200,""listing_index"":38,""raw_face_stats"":[76,83,65,77,45,80],""raw_face_stat_semantics"":""PAC/SHO/PAS/DRI/DEF/PHY""}"
WEFUT,233,,FC27,Blackstenius,83,ST,,,,84,84,62,82,42,76,,,,,,,,,,,,,,,,,,,https://wefut.com/player/latest/27/200,2026-09-08T16:28:17-03:00,"{""listing_offset"":200,""listing_index"":39,""raw_face_stats"":[84,84,62,82,42,76],""raw_face_stat_semantics"":""PAC/SHO/PAS/DRI/DEF/PHY""}"
WEFUT,234,258680,FC27,van Domselaar,83,GK,[],Gold,,,,,,,,82,80,83,85,56,82,,,,,,,Right,"{""provider_club_id"":""1"",""name"":""Arsenal""}","{""provider_league_id"":""2216"",""name"":""Barclays Women’s Super League""}","{""provider_nation_id"":null,""name"":""Netherlands""}",,,https://wefut.com/player/27/234/daphne-van-domselaar,2026-09-08T16:28:17-03:00,"{""listing_offset"":240,""listing_index"":0,""raw_face_stats"":[82,80,83,85,56,82],""raw_face_stat_semantics"":""DIV/HAN/KIC/REF/SPE/POS"",""date_of_birth"":""2000-03-06"",""detail_url"":""https://wefut.com/player/27/234/daphne-van-domselaar""}"
WEFUT,235,262093,FC27,Nüsken,83,CDM,"[""CM""]",Gold,,67,72,77,79,82,77,,,,,,,"{""pace"":{""acceleration"":61,""sprint_speed"":71},""shooting"":{""positioning"":79,""finishing"":77,""shot_power"":62,""long_shots"":80,""volleys"":52,""penalties"":57},""passing"":{""vision"":81,""crossing"":62,""free_kick_accuracy"":60,""short_passing"":85,""long_passing"":84,""curve"":61},""dribbling"":{""agility"":66,""balance"":81,""reactions"":81,""ball_control"":83,""dribbling"":80,""composure"":70},""defending"":{""interceptions"":83,""heading_accuracy"":74,""defensive_awareness"":82,""standing_tackle"":83,""sliding_tackle"":80},""physical"":{""jumping"":77,""stamina"":80,""strength"":75,""aggression"":77}}",,,,,,Right,"{""provider_club_id"":null,""name"":""Chelsea""}","{""provider_league_id"":""2216"",""name"":""Barclays Women’s Super League""}","{""provider_nation_id"":null,""name"":""Germany""}",,,https://wefut.com/player/27/235/sjoeke-nusken,2026-09-08T16:28:17-03:00,"{""listing_offset"":240,""listing_index"":1,""raw_face_stats"":[67,72,77,79,82,77],""raw_face_stat_semantics"":""PAC/SHO/PAS/DRI/DEF/PHY"",""date_of_birth"":""2001-01-22"",""detail_url"":""https://wefut.com/player/27/235/sjoeke-nusken""}"
WEFUT,236,,FC27,Picaud-Inconnu,83,GK,,,,,,,,,,82,80,78,85,47,83,,,,,,,,,,,,,https://wefut.com/player/latest/27/240,2026-09-08T16:28:17-03:00,"{""listing_offset"":240,""listing_index"":2,""raw_face_stats"":[82,80,78,85,47,83],""raw_face_stat_semantics"":""DIV/HAN/KIC/REF/SPE/POS""}"
WEFUT,237,,FC27,Coffey,83,CM,,,,73,72,83,81,77,78,,,,,,,,,,,,,,,,,,,https://wefut.com/player/latest/27/240,2026-09-08T16:28:17-03:00,"{""listing_offset"":240,""listing_index"":3,""raw_face_stats"":[73,72,83,81,77,78],""raw_face_stat_semantics"":""PAC/SHO/PAS/DRI/DEF/PHY""}"
WEFUT,238,,FC27,Matsukubo,83,CAM,,,,74,82,76,84,60,48,,,,,,,,,,,,,,,,,,,https://wefut.com/player/latest/27/240,2026-09-08T16:28:17-03:00,"{""listing_offset"":240,""listing_index"":4,""raw_face_stats"":[74,82,76,84,60,48],""raw_face_stat_semantics"":""PAC/SHO/PAS/DRI/DEF/PHY""}"
WEFUT,239,,FC27,Rose,83,CB,,,,75,31,54,65,85,78,,,,,,,,,,,,,,,,,,,https://wefut.com/player/latest/27/240,2026-09-08T16:28:17-03:00,"{""listing_offset"":240,""listing_index"":5,""raw_face_stats"":[75,31,54,65,85,78],""raw_face_stat_semantics"":""PAC/SHO/PAS/DRI/DEF/PHY""}"
WEFUT,240,,FC27,Mbock,83,CB,,,,64,55,67,66,84,84,,,,,,,,,,,,,,,,,,,https://wefut.com/player/latest/27/240,2026-09-08T16:28:17-03:00,"{""listing_offset"":240,""listing_index"":6,""raw_face_stats"":[64,55,67,66,84,84],""raw_face_stat_semantics"":""PAC/SHO/PAS/DRI/DEF/PHY""}"
WEFUT,241,,FC27,Lawrence,83,RB,,,,83,67,82,79,82,77,,,,,,,,,,,,,,,,,,,https://wefut.com/player/latest/27/240,2026-09-08T16:28:17-03:00,"{""listing_offset"":240,""listing_index"":7,""raw_face_stats"":[83,67,82,79,82,77],""raw_face_stat_semantics"":""PAC/SHO/PAS/DRI/DEF/PHY""}"
WEFUT,242,,FC27,Olga Carmona,83,LB,,,,87,74,78,80,80,75,,,,,,,,,,,,,,,,,,,https://wefut.com/player/latest/27/240,2026-09-08T16:28:17-03:00,"{""listing_offset"":240,""listing_index"":8,""raw_face_stats"":[87,74,78,80,80,75],""raw_face_stat_semantics"":""PAC/SHO/PAS/DRI/DEF/PHY""}"
WEFUT,243,,FC27,Becho,83,RW,,,,90,79,72,86,45,69,,,,,,,,,,,,,,,,,,,https://wefut.com/player/latest/27/240,2026-09-08T16:28:17-03:00,"{""listing_offset"":240,""listing_index"":9,""raw_face_stats"":[90,79,72,86,45,69],""raw_face_stat_semantics"":""PAC/SHO/PAS/DRI/DEF/PHY""}"
WEFUT,244,,FC27,Leuchter,83,ST,,,,82,84,70,80,29,72,,,,,,,,,,,,,,,,,,,https://wefut.com/player/latest/27/240,2026-09-08T16:28:17-03:00,"{""listing_offset"":240,""listing_index"":10,""raw_face_stats"":[82,84,70,80,29,72],""raw_face_stat_semantics"":""PAC/SHO/PAS/DRI/DEF/PHY""}"
WEFUT,245,,FC27,Shrader,83,CM,,,,74,76,79,80,71,76,,,,,,,,,,,,,,,,,,,https://wefut.com/player/latest/27/240,2026-09-08T16:28:17-03:00,"{""listing_offset"":240,""listing_index"":11,""raw_face_stats"":[74,76,79,80,71,76],""raw_face_stat_semantics"":""PAC/SHO/PAS/DRI/DEF/PHY""}"
WEFUT,246,,FC27,Girelli,83,ST,,,,78,81,70,81,45,78,,,,,,,,,,,,,,,,,,,https://wefut.com/player/latest/27/240,2026-09-08T16:28:17-03:00,"{""listing_offset"":240,""listing_index"":12,""raw_face_stats"":[78,81,70,81,45,78],""raw_face_stat_semantics"":""PAC/SHO/PAS/DRI/DEF/PHY""}"
WEFUT,247,,FC27,Sonnett,83,CB,,,,76,57,75,73,83,84,,,,,,,,,,,,,,,,,,,https://wefut.com/player/latest/27/240,2026-09-08T16:28:17-03:00,"{""listing_offset"":240,""listing_index"":13,""raw_face_stats"":[76,57,75,73,83,84],""raw_face_stat_semantics"":""PAC/SHO/PAS/DRI/DEF/PHY""}"
WEFUT,248,,FC27,Jónsdóttir,83,ST,,,,92,76,77,83,46,72,,,,,,,,,,,,,,,,,,,https://wefut.com/player/latest/27/240,2026-09-08T16:28:17-03:00,"{""listing_offset"":240,""listing_index"":14,""raw_face_stats"":[92,76,77,83,46,72],""raw_face_stat_semantics"":""PAC/SHO/PAS/DRI/DEF/PHY""}"
WEFUT,249,,FC27,Kingsbury,83,GK,,,,,,,,,,83,80,72,83,41,83,,,,,,,,,,,,,https://wefut.com/player/latest/27/240,2026-09-08T16:28:17-03:00,"{""listing_offset"":240,""listing_index"":15,""raw_face_stats"":[83,80,72,83,41,83],""raw_face_stat_semantics"":""DIV/HAN/KIC/REF/SPE/POS""}"
WEFUT,250,,FC27,Moultrie,83,CAM,,,,69,79,83,80,71,66,,,,,,,,,,,,,,,,,,,https://wefut.com/player/latest/27/240,2026-09-08T16:28:17-03:00,"{""listing_offset"":240,""listing_index"":16,""raw_face_stats"":[69,79,83,80,71,66],""raw_face_stat_semantics"":""PAC/SHO/PAS/DRI/DEF/PHY""}"
WEFUT,251,,FC27,LaBonta,83,CM,,,,84,77,80,82,73,62,,,,,,,,,,,,,,,,,,,https://wefut.com/player/latest/27/240,2026-09-08T16:28:17-03:00,"{""listing_offset"":240,""listing_index"":17,""raw_face_stats"":[84,77,80,82,73,62],""raw_face_stat_semantics"":""PAC/SHO/PAS/DRI/DEF/PHY""}"
WEFUT,252,,FC27,Santos,83,CAM,,,,75,77,82,83,69,77,,,,,,,,,,,,,,,,,,,https://wefut.com/player/latest/27/240,2026-09-08T16:28:17-03:00,"{""listing_offset"":240,""listing_index"":18,""raw_face_stats"":[75,77,82,83,69,77],""raw_face_stat_semantics"":""PAC/SHO/PAS/DRI/DEF/PHY""}"
WEFUT,253,,FC27,Däbritz,83,CM,,,,79,81,84,83,74,74,,,,,,,,,,,,,,,,,,,https://wefut.com/player/latest/27/240,2026-09-08T16:28:17-03:00,"{""listing_offset"":240,""listing_index"":19,""raw_face_stats"":[79,81,84,83,74,74],""raw_face_stat_semantics"":""PAC/SHO/PAS/DRI/DEF/PHY""}"
WEFUT,254,240717,FC27,Beerensteyn,83,ST,"[""RW"",""LW"",""RM""]",Gold,,90,82,73,86,50,76,,,,,,,"{""pace"":{""acceleration"":91,""sprint_speed"":90},""shooting"":{""positioning"":86,""finishing"":87,""shot_power"":81,""long_shots"":76,""volleys"":72,""penalties"":72},""passing"":{""vision"":72,""crossing"":71,""free_kick_accuracy"":57,""short_passing"":83,""long_passing"":61,""curve"":72},""dribbling"":{""agility"":83,""balance"":88,""reactions"":85,""ball_control"":87,""dribbling"":87,""composure"":77},""defending"":{""interceptions"":48,""heading_accuracy"":70,""defensive_awareness"":45,""standing_tackle"":52,""sliding_tackle"":45},""physical"":{""jumping"":86,""stamina"":82,""strength"":76,""aggression"":68}}",,,,,,Right,"{""provider_club_id"":""243"",""name"":""Real Madrid""}","{""provider_league_id"":""2222"",""name"":""Liga F Moeve""}","{""provider_nation_id"":null,""name"":""Netherlands""}",,,https://wefut.com/player/27/254/lineth-beerensteyn,2026-09-08T16:28:17-03:00,"{""listing_offset"":240,""listing_index"":20,""raw_face_stats"":[90,82,73,86,50,76],""raw_face_stat_semantics"":""PAC/SHO/PAS/DRI/DEF/PHY"",""date_of_birth"":""1996-10-11"",""detail_url"":""https://wefut.com/player/27/254/lineth-beerensteyn""}"
WEFUT,255,261855,FC27,Kika Nazareth,83,CM,"[""ST"",""CAM""]",Gold,,85,82,82,84,60,80,,,,,,,"{""pace"":{""acceleration"":81,""sprint_speed"":88},""shooting"":{""positioning"":86,""finishing"":87,""shot_power"":79,""long_shots"":77,""volleys"":71,""penalties"":72},""passing"":{""vision"":86,""crossing"":72,""free_kick_accuracy"":68,""short_passing"":87,""long_passing"":83,""curve"":74},""dribbling"":{""agility"":85,""balance"":80,""reactions"":82,""ball_control"":87,""dribbling"":83,""composure"":77},""defending"":{""interceptions"":60,""heading_accuracy"":74,""defensive_awareness"":38,""standing_tackle"":75,""sliding_tackle"":65},""physical"":{""jumping"":86,""stamina"":88,""strength"":78,""aggression"":71}}",,,,,,Right,"{""provider_club_id"":""116325"",""name"":""FC Barcelona""}","{""provider_league_id"":""2222"",""name"":""Liga F Moeve""}","{""provider_nation_id"":""38"",""name"":""Portugal""}",,,https://wefut.com/player/27/255/kika-nazareth,2026-09-08T16:28:17-03:00,"{""listing_offset"":240,""listing_index"":21,""raw_face_stats"":[85,82,82,84,60,80],""raw_face_stat_semantics"":""PAC/SHO/PAS/DRI/DEF/PHY"",""date_of_birth"":""2002-11-17"",""detail_url"":""https://wefut.com/player/27/255/kika-nazareth""}"
WEFUT,256,,FC27,Senß,83,CM,,,,82,71,78,84,77,71,,,,,,,,,,,,,,,,,,,https://wefut.com/player/latest/27/240,2026-09-08T16:28:17-03:00,"{""listing_offset"":240,""listing_index"":22,""raw_face_stats"":[82,71,78,84,77,71],""raw_face_stat_semantics"":""PAC/SHO/PAS/DRI/DEF/PHY""}"
WEFUT,257,,FC27,María Méndez,83,CB,,,,79,53,69,66,83,78,,,,,,,,,,,,,,,,,,,https://wefut.com/player/latest/27/240,2026-09-08T16:28:17-03:00,"{""listing_offset"":240,""listing_index"":23,""raw_face_stats"":[79,53,69,66,83,78],""raw_face_stat_semantics"":""PAC/SHO/PAS/DRI/DEF/PHY""}"
WEFUT,258,,FC27,Lauren Leal,83,CB,,,,79,33,61,68,84,81,,,,,,,,,,,,,,,,,,,https://wefut.com/player/latest/27/240,2026-09-08T16:28:17-03:00,"{""listing_offset"":240,""listing_index"":24,""raw_face_stats"":[79,33,61,68,84,81],""raw_face_stat_semantics"":""PAC/SHO/PAS/DRI/DEF/PHY""}"
WEFUT,259,,FC27,Elena Julve,83,RW,,,,89,77,80,84,65,77,,,,,,,,,,,,,,,,,,,https://wefut.com/player/latest/27/240,2026-09-08T16:28:17-03:00,"{""listing_offset"":240,""listing_index"":25,""raw_face_stats"":[89,77,80,84,65,77],""raw_face_stat_semantics"":""PAC/SHO/PAS/DRI/DEF/PHY""}"
WEFUT,260,,FC27,McGinn,83,RM,,,,69,80,81,82,78,84,,,,,,,,,,,,,,,,,,,https://wefut.com/player/latest/27/240,2026-09-08T16:28:17-03:00,"{""listing_offset"":240,""listing_index"":26,""raw_face_stats"":[69,80,81,82,78,84],""raw_face_stat_semantics"":""PAC/SHO/PAS/DRI/DEF/PHY""}"
WEFUT,261,,FC27,Watkins,83,ST,,,,78,82,72,78,51,76,,,,,,,,,,,,,,,,,,,https://wefut.com/player/latest/27/240,2026-09-08T16:28:17-03:00,"{""listing_offset"":240,""listing_index"":27,""raw_face_stats"":[78,82,72,78,51,76],""raw_face_stat_semantics"":""PAC/SHO/PAS/DRI/DEF/PHY""}"
WEFUT,262,,FC27,Mikel Merino,83,CM,,,,51,79,80,79,81,79,,,,,,,,,,,,,,,,,,,https://wefut.com/player/latest/27/240,2026-09-08T16:28:17-03:00,"{""listing_offset"":240,""listing_index"":28,""raw_face_stats"":[51,79,80,79,81,79],""raw_face_stat_semantics"":""PAC/SHO/PAS/DRI/DEF/PHY""}"
WEFUT,263,,FC27,Gibbs-White,83,CAM,,,,75,78,83,85,63,74,,,,,,,,,,,,,,,,,,,https://wefut.com/player/latest/27/240,2026-09-08T16:28:17-03:00,"{""listing_offset"":240,""listing_index"":29,""raw_face_stats"":[75,78,83,85,63,74],""raw_face_stat_semantics"":""PAC/SHO/PAS/DRI/DEF/PHY""}"
WEFUT,264,,FC27,Pedro Porro,83,RB,,,,76,73,82,79,78,75,,,,,,,,,,,,,,,,,,,https://wefut.com/player/latest/27/240,2026-09-08T16:28:17-03:00,"{""listing_offset"":240,""listing_index"":30,""raw_face_stats"":[76,73,82,79,78,75],""raw_face_stat_semantics"":""PAC/SHO/PAS/DRI/DEF/PHY""}"
WEFUT,265,,FC27,João Pedro,83,ST,,,,77,83,74,84,38,74,,,,,,,,,,,,,,,,,,,https://wefut.com/player/latest/27/240,2026-09-08T16:28:17-03:00,"{""listing_offset"":240,""listing_index"":31,""raw_face_stats"":[77,83,74,84,38,74],""raw_face_stat_semantics"":""PAC/SHO/PAS/DRI/DEF/PHY""}"
WEFUT,266,,FC27,Matheus Nunes,83,RB,,,,87,70,80,79,78,75,,,,,,,,,,,,,,,,,,,https://wefut.com/player/latest/27/240,2026-09-08T16:28:17-03:00,"{""listing_offset"":240,""listing_index"":32,""raw_face_stats"":[87,70,80,79,78,75],""raw_face_stat_semantics"":""PAC/SHO/PAS/DRI/DEF/PHY""}"
WEFUT,267,,FC27,Mamardashvili,83,GK,,,,,,,,,,82,81,75,83,47,82,,,,,,,,,,,,,https://wefut.com/player/latest/27/240,2026-09-08T16:28:17-03:00,"{""listing_offset"":240,""listing_index"":33,""raw_face_stats"":[82,81,75,83,47,82],""raw_face_stat_semantics"":""DIV/HAN/KIC/REF/SPE/POS""}"
WEFUT,268,,FC27,Hall,83,LB,,,,78,64,81,82,80,68,,,,,,,,,,,,,,,,,,,https://wefut.com/player/latest/27/240,2026-09-08T16:28:17-03:00,"{""listing_offset"":240,""listing_index"":34,""raw_face_stats"":[78,64,81,82,80,68],""raw_face_stat_semantics"":""PAC/SHO/PAS/DRI/DEF/PHY""}"
WEFUT,269,,FC27,O'Reilly,83,LB,,,,83,70,78,79,81,81,,,,,,,,,,,,,,,,,,,https://wefut.com/player/latest/27/240,2026-09-08T16:28:17-03:00,"{""listing_offset"":240,""listing_index"":35,""raw_face_stats"":[83,70,78,79,81,81],""raw_face_stat_semantics"":""PAC/SHO/PAS/DRI/DEF/PHY""}"
WEFUT,270,,FC27,Safonov,83,GK,,,,,,,,,,82,76,80,86,50,83,,,,,,,,,,,,,https://wefut.com/player/latest/27/240,2026-09-08T16:28:17-03:00,"{""listing_offset"":240,""listing_index"":36,""raw_face_stats"":[82,76,80,86,50,83],""raw_face_stat_semantics"":""DIV/HAN/KIC/REF/SPE/POS""}"
WEFUT,271,,FC27,Zaïre-Emery,83,CM,,,,79,71,78,81,79,85,,,,,,,,,,,,,,,,,,,https://wefut.com/player/latest/27/240,2026-09-08T16:28:17-03:00,"{""listing_offset"":240,""listing_index"":37,""raw_face_stats"":[79,71,78,81,79,85],""raw_face_stat_semantics"":""PAC/SHO/PAS/DRI/DEF/PHY""}"
WEFUT,272,,FC27,Orbán,83,CB,,,,54,40,56,56,86,83,,,,,,,,,,,,,,,,,,,https://wefut.com/player/latest/27/240,2026-09-08T16:28:17-03:00,"{""listing_offset"":240,""listing_index"":38,""raw_face_stats"":[54,40,56,56,86,83],""raw_face_stat_semantics"":""PAC/SHO/PAS/DRI/DEF/PHY""}"
WEFUT,273,,FC27,Gnabry,83,CAM,,,,77,83,79,84,43,65,,,,,,,,,,,,,,,,,,,https://wefut.com/player/latest/27/240,2026-09-08T16:28:17-03:00,"{""listing_offset"":240,""listing_index"":39,""raw_face_stats"":[77,83,79,84,43,65],""raw_face_stat_semantics"":""PAC/SHO/PAS/DRI/DEF/PHY""}"
